crewId,taskId,isDDH
Crew_10002,Flt_39200,0
Crew_10002,Flt_40386,0
Crew_10002,Flt_40790,0
Crew_10002,Flt_41082,0
Crew_10002,Flt_41475,0
Crew_10002,Flt_41638,0
Crew_10007,Flt_37746,0
Crew_10007,Flt_38502,0
Crew_10007,Flt_40013,0
Crew_10007,Flt_41826,0
Crew_10007,Flt_41956,0
Crew_10007,Flt_42159,0
Crew_10011,Flt_38071,0
Crew_10011,Flt_38219,0
Crew_10011,Flt_38798,0
Crew_10011,Flt_38928,0
Crew_10011,Flt_39346,0
Crew_10011,Flt_39846,0
Crew_10011,Flt_40071,0
Crew_10011,Flt_41949,0
Crew_10011,Flt_42102,0
Crew_10011,Flt_42245,0
Crew_10013,Flt_37705,0
Crew_10013,Flt_37845,0
Crew_10013,Flt_38398,0
Crew_10013,Flt_38590,0
Crew_10013,Flt_38740,0
Crew_10013,Flt_39364,0
Crew_10013,Flt_39581,0
Crew_10013,Flt_39722,0
Crew_10013,Flt_40030,0
Crew_10013,Flt_42294,0
Crew_10014,Flt_38086,0
Crew_10014,Flt_38329,0
Crew_10014,Flt_38843,0
Crew_10014,Flt_39158,0
Crew_10014,Flt_39524,0
Crew_10014,Flt_39826,0
Crew_10014,Flt_40217,0
Crew_10014,Flt_41840,0
Crew_10014,Flt_42163,0
Crew_10015,Flt_38045,0
Crew_10015,Flt_38214,0
Crew_10015,Flt_38600,0
Crew_10015,Flt_38724,0
Crew_10015,Flt_38982,0
Crew_10015,Flt_39350,0
Crew_10015,Flt_39530,0
Crew_10015,Flt_39652,0
Crew_10015,Flt_40062,0
Crew_10015,Flt_40249,0
Crew_10015,Flt_41925,0
Crew_10015,Flt_42084,0
Crew_10018,Flt_37816,0
Crew_10018,Flt_38646,0
Crew_10018,Flt_39085,0
Crew_10018,Flt_39215,0
Crew_10018,Flt_39752,0
Crew_10018,Flt_39880,0
Crew_10018,Flt_40133,0
Crew_10018,Flt_41828,0
Crew_10018,Flt_41995,0
Crew_10018,Flt_42170,0
Crew_10019,Flt_37940,0
Crew_10019,Flt_38259,0
Crew_10019,Flt_38351,0
Crew_10019,Flt_38611,0
Crew_10019,Flt_38722,0
Crew_10019,Flt_38920,0
Crew_10019,Flt_39019,0
Crew_10019,Flt_39355,0
Crew_10019,Flt_39571,0
Crew_10019,Flt_39886,0
Crew_10019,Flt_40257,0
Crew_10019,Flt_41835,0
Crew_10020,Flt_38065,0
Crew_10020,Flt_38235,0
Crew_10020,Flt_38796,0
Crew_10020,Flt_38908,0
Crew_10020,Flt_39261,0
Crew_10020,Flt_39534,0
Crew_10020,Flt_39623,0
Crew_10020,Flt_39900,0
Crew_10020,Flt_42184,0
Crew_10022,Flt_40354,0
Crew_10022,Flt_41964,0
Crew_10022,Flt_42338,0
Crew_10023,Flt_39913,0
Crew_10023,Flt_40630,0
Crew_10023,Flt_40773,0
Crew_10023,Flt_40913,0
Crew_10023,Flt_41238,0
Crew_10023,Flt_41356,0
Crew_10023,Flt_41455,0
Crew_10023,Flt_41592,0
Crew_10023,Flt_41876,0
Crew_10023,Flt_41991,0
Crew_10024,Flt_37784,0
Crew_10024,Flt_38497,0
Crew_10024,Flt_39526,0
Crew_10024,Flt_39658,0
Crew_10024,Flt_41126,0
Crew_10024,Flt_41387,0
Crew_10024,Flt_41505,0
Crew_10024,Flt_41914,0
Crew_10024,Flt_42263,0
Crew_10025,Flt_39737,0
Crew_10025,Flt_40483,0
Crew_10025,Flt_40657,0
Crew_10025,Flt_41130,0
Crew_10025,Flt_41280,0
Crew_10027,Flt_38498,0
Crew_10027,Flt_41334,0
Crew_10027,Flt_41516,0
Crew_10027,Flt_41660,0
Crew_10027,Flt_42063,0
Crew_10027,Flt_42161,0
Crew_10029,Flt_38762,0
Crew_10029,Flt_38847,0
Crew_10029,Flt_39144,0
Crew_10029,Flt_39269,0
Crew_10029,Flt_39837,0
Crew_10029,Flt_40605,0
Crew_10029,Flt_40829,0
Crew_10029,Flt_40987,0
Crew_10031,Flt_38780,0
Crew_10031,Flt_38910,0
Crew_10031,Flt_39220,0
Crew_10031,Flt_39403,0
Crew_10031,Flt_39810,0
Crew_10031,Flt_39936,0
Crew_10031,Flt_40163,0
Crew_10031,Flt_40592,0
Crew_10031,Flt_40897,0
Crew_10032,Flt_38032,0
Crew_10032,Flt_38138,0
Crew_10032,Flt_38212,0
Crew_10032,Flt_38330,0
Crew_10032,Flt_38726,0
Crew_10032,Flt_38845,0
Crew_10032,Flt_38974,0
Crew_10032,Flt_39508,0
Crew_10032,Flt_39629,0
Crew_10032,Flt_39930,0
Crew_10032,Flt_40079,0
Crew_10032,Flt_40283,0
Crew_10032,Flt_41802,0
Crew_10032,Flt_42418,0
Crew_10033,Flt_37745,0
Crew_10033,Flt_37885,0
Crew_10033,Flt_38387,0
Crew_10033,Flt_38513,0
Crew_10033,Flt_38756,0
Crew_10033,Flt_39131,0
Crew_10033,Flt_39281,0
Crew_10033,Flt_39801,0
Crew_10033,Flt_40162,0
Crew_10033,Flt_42307,0
Crew_10035,Flt_37881,0
Crew_10035,Flt_38937,0
Crew_10035,Flt_39032,0
Crew_10035,Flt_39815,0
Crew_10035,Flt_39927,0
Crew_10035,Flt_41887,0
Crew_10035,Flt_42010,0
Crew_10037,Flt_38339,0
Crew_10037,Flt_38408,0
Crew_10037,Flt_39361,0
Crew_10037,Flt_39885,0
Crew_10037,Flt_40203,0
Crew_10037,Flt_41806,0
Crew_10037,Flt_41967,0
Crew_10038,Flt_38367,0
Crew_10038,Flt_38411,0
Crew_10038,Flt_40493,0
Crew_10038,Flt_40759,0
Crew_10038,Flt_40909,0
Crew_10038,Flt_41183,0
Crew_10038,Flt_41316,0
Crew_10038,Flt_42310,0
Crew_10040,Flt_37825,0
Crew_10040,Flt_38189,0
Crew_10040,Flt_38525,0
Crew_10040,Flt_38785,0
Crew_10040,Flt_39116,0
Crew_10040,Flt_39236,0
Crew_10040,Flt_39391,0
Crew_10040,Flt_39762,0
Crew_10040,Flt_40055,0
Crew_10040,Flt_40164,0
Crew_10040,Flt_41937,0
Crew_10040,Flt_42123,0
Crew_10041,Flt_37709,0
Crew_10041,Flt_38063,0
Crew_10041,Flt_38468,0
Crew_10041,Flt_38605,0
Crew_10041,Flt_38827,0
Crew_10041,Flt_39202,0
Crew_10041,Flt_39441,0
Crew_10041,Flt_39763,0
Crew_10041,Flt_39957,0
Crew_10041,Flt_42145,0
Crew_10041,Flt_42378,0
Crew_10043,Flt_40492,0
Crew_10043,Flt_40629,0
Crew_10043,Flt_40766,0
Crew_10043,Flt_41655,0
Crew_10043,ddh_10378,1
Crew_10043,Flt_42359,0
Crew_10043,Flt_42426,0
Crew_10045,Flt_38500,0
Crew_10045,Flt_38608,0
Crew_10045,Flt_38817,0
Crew_10045,Flt_39656,0
Crew_10045,Flt_40146,0
Crew_10045,Flt_40692,0
Crew_10045,Flt_40929,0
Crew_10045,Flt_41055,0
Crew_10049,Flt_37774,0
Crew_10049,Flt_38596,0
Crew_10049,Flt_38749,0
Crew_10049,Flt_39319,0
Crew_10049,Flt_39395,0
Crew_10049,Flt_39490,0
Crew_10049,Flt_39832,0
Crew_10049,Flt_40054,0
Crew_10049,Flt_40187,0
Crew_10049,Flt_41998,0
Crew_10049,Flt_42296,0
Crew_10050,Flt_38447,0
Crew_10050,Flt_38540,0
Crew_10050,Flt_39122,0
Crew_10050,Flt_39908,0
Crew_10050,Flt_40023,0
Crew_10050,Flt_40178,0
Crew_10050,Flt_40485,0
Crew_10050,Flt_40781,0
Crew_10051,Flt_37849,0
Crew_10051,Flt_38082,0
Crew_10051,Flt_38685,0
Crew_10051,Flt_38855,0
Crew_10051,Flt_39278,0
Crew_10051,Flt_39408,0
Crew_10051,Flt_39641,0
Crew_10051,Flt_40090,0
Crew_10051,Flt_40380,0
Crew_10051,Flt_42082,0
Crew_10051,Flt_42374,0
Crew_10054,Flt_37693,0
Crew_10054,Flt_37692,0
Crew_10054,Flt_38382,0
Crew_10054,Flt_39058,0
Crew_10054,Flt_39907,0
Crew_10054,Flt_41900,0
Crew_10055,Flt_40482,0
Crew_10055,Flt_41156,0
Crew_10055,Flt_41317,0
Crew_10055,Flt_41881,0
Crew_10055,Flt_42233,0
Crew_10056,Flt_39173,0
Crew_10056,Flt_40361,0
Crew_10056,Flt_40665,0
Crew_10056,Flt_40809,0
Crew_10056,Flt_41009,0
Crew_10056,Flt_41365,0
Crew_10056,Flt_41682,0
Crew_10057,Flt_38439,0
Crew_10057,Flt_38601,0
Crew_10057,Flt_38709,0
Crew_10057,Flt_39330,0
Crew_10057,Flt_39805,0
Crew_10057,Flt_40191,0
Crew_10057,Flt_40484,0
Crew_10057,Flt_40803,0
Crew_10060,Flt_38142,0
Crew_10060,Flt_38265,0
Crew_10060,Flt_38972,0
Crew_10060,Flt_40473,0
Crew_10060,Flt_40633,0
Crew_10060,Flt_41120,0
Crew_10060,Flt_41290,0
Crew_10060,Flt_41814,0
Crew_10060,Flt_42169,0
Crew_10061,Flt_38056,0
Crew_10061,Flt_38234,0
Crew_10061,Flt_39050,0
Crew_10061,Flt_39648,0
Crew_10061,Flt_39734,0
Crew_10061,Flt_40161,0
Crew_10061,Flt_40299,0
Crew_10061,Flt_41823,0
Crew_10062,Flt_37870,0
Crew_10062,Flt_37991,0
Crew_10062,Flt_38245,0
Crew_10062,Flt_38770,0
Crew_10062,Flt_39021,0
Crew_10062,Flt_39337,0
Crew_10062,Flt_39439,0
Crew_10062,Flt_39653,0
Crew_10062,Flt_41163,0
Crew_10062,Flt_41818,0
Crew_10062,Flt_41955,0
Crew_10065,Flt_37792,0
Crew_10065,Flt_37903,0
Crew_10065,Flt_38111,0
Crew_10065,Flt_38973,0
Crew_10065,Flt_39393,0
Crew_10065,Flt_39692,0
Crew_10065,Flt_40098,0
Crew_10065,Flt_40267,0
Crew_10065,Flt_41918,0
Crew_10065,Flt_42054,0
Crew_10065,Flt_42144,0
Crew_10067,Flt_37962,0
Crew_10067,Flt_38081,0
Crew_10067,Flt_38353,0
Crew_10067,Flt_39128,0
Crew_10067,Flt_39375,0
Crew_10067,Flt_39494,0
Crew_10067,Flt_39806,0
Crew_10067,Flt_39981,0
Crew_10067,Flt_41911,0
Crew_10067,Flt_42189,0
Crew_10069,Flt_37924,0
Crew_10069,Flt_38163,0
Crew_10069,Flt_38277,0
Crew_10069,Flt_38979,0
Crew_10069,Flt_39841,0
Crew_10069,ddh_11139,1
Crew_10069,Flt_41951,0
Crew_10070,Flt_38433,0
Crew_10070,Flt_39018,0
Crew_10070,Flt_39138,0
Crew_10070,Flt_39716,0
Crew_10070,Flt_40233,0
Crew_10070,Flt_40558,0
Crew_10070,Flt_40723,0
Crew_10070,Flt_40874,0
Crew_10071,Flt_38237,0
Crew_10071,Flt_39105,0
Crew_10071,Flt_39300,0
Crew_10071,Flt_39443,0
Crew_10071,Flt_41540,0
Crew_10071,Flt_41647,0
Crew_10071,Flt_41764,0
Crew_10071,Flt_42133,0
Crew_10071,Flt_42231,0
Crew_10071,Flt_42424,0
Crew_10072,Flt_37785,0
Crew_10072,Flt_38534,0
Crew_10072,Flt_38900,0
Crew_10072,Flt_40693,0
Crew_10072,Flt_40769,0
Crew_10072,Flt_41043,0
Crew_10072,Flt_41389,0
Crew_10072,Flt_41506,0
Crew_10072,Flt_41689,0
Crew_10072,Flt_42257,0
Crew_10073,Flt_39172,0
Crew_10073,Flt_39833,0
Crew_10073,Flt_40179,0
Crew_10073,Flt_40456,0
Crew_10073,Flt_40613,0
Crew_10073,Flt_40778,0
Crew_10073,Flt_41363,0
Crew_10073,Flt_41625,0
Crew_10073,Flt_41747,0
Crew_10075,Flt_38407,0
Crew_10075,Flt_38562,0
Crew_10075,Flt_38822,0
Crew_10075,Flt_39582,0
Crew_10075,Flt_40046,0
Crew_10075,Flt_40464,0
Crew_10075,Flt_40668,0
Crew_10076,Flt_38482,0
Crew_10076,Flt_39553,0
Crew_10076,Flt_39679,0
Crew_10076,Flt_40096,0
Crew_10076,Flt_40225,0
Crew_10076,Flt_40381,0
Crew_10076,Flt_40735,0
Crew_10076,Flt_40877,0
Crew_10076,Flt_40997,0
Crew_10078,Flt_39396,0
Crew_10078,Flt_39733,0
Crew_10078,Flt_40185,0
Crew_10078,Flt_40408,0
Crew_10078,Flt_40730,0
Crew_10078,Flt_40839,0
Crew_10078,Flt_40963,0
Crew_10078,Flt_41332,0
Crew_10078,Flt_41557,0
Crew_10079,Flt_37747,0
Crew_10079,Flt_38495,0
Crew_10079,Flt_40935,0
Crew_10079,Flt_41309,0
Crew_10079,Flt_41500,0
Crew_10079,Flt_41870,0
Crew_10079,Flt_42214,0
Crew_10080,Flt_39186,0
Crew_10080,Flt_39329,0
Crew_10080,Flt_39850,0
Crew_10080,Flt_40021,0
Crew_10080,Flt_40472,0
Crew_10080,Flt_40705,0
Crew_10080,Flt_40832,0
Crew_10080,Flt_41423,0
Crew_10080,Flt_41537,0
Crew_10080,Flt_41629,0
Crew_10080,Flt_41736,0
Crew_10084,Flt_37788,0
Crew_10084,Flt_38091,0
Crew_10084,Flt_38690,0
Crew_10084,Flt_38966,0
Crew_10084,Flt_39862,0
Crew_10084,Flt_40144,0
Crew_10084,Flt_42073,0
Crew_10084,Flt_42384,0
Crew_10086,Flt_37806,0
Crew_10086,Flt_37923,0
Crew_10086,Flt_38140,0
Crew_10086,Flt_38682,0
Crew_10086,Flt_38853,0
Crew_10086,Flt_38990,0
Crew_10086,Flt_39320,0
Crew_10086,Flt_39450,0
Crew_10086,Flt_39600,0
Crew_10086,Flt_41145,0
Crew_10086,Flt_41330,0
Crew_10089,Flt_37800,0
Crew_10089,Flt_37967,0
Crew_10089,Flt_38388,0
Crew_10089,Flt_39057,0
Crew_10089,Flt_39746,0
Crew_10089,Flt_39839,0
Crew_10089,Flt_42049,0
Crew_10089,Flt_42297,0
Crew_10090,Flt_37775,0
Crew_10090,Flt_37905,0
Crew_10090,Flt_38170,0
Crew_10090,Flt_38895,0
Crew_10090,Flt_39232,0
Crew_10090,Flt_39356,0
Crew_10090,Flt_39588,0
Crew_10090,Flt_41284,0
Crew_10090,Flt_41528,0
Crew_10090,Flt_41645,0
Crew_10090,Flt_41950,0
Crew_10091,Flt_38020,0
Crew_10091,Flt_38512,0
Crew_10091,Flt_39713,0
Crew_10091,Flt_39812,0
Crew_10091,Flt_41966,0
Crew_10091,Flt_42212,0
Crew_10091,Flt_42351,0
Crew_10093,Flt_37717,0
Crew_10093,Flt_38861,0
Crew_10093,Flt_41702,0
Crew_10093,Flt_42018,0
Crew_10093,Flt_42107,0
Crew_10093,Flt_42314,0
Crew_10094,Flt_39120,0
Crew_10094,Flt_40681,0
Crew_10094,Flt_40831,0
Crew_10094,Flt_40965,0
Crew_10094,Flt_41299,0
Crew_10096,Flt_39803,0
Crew_10096,Flt_40710,0
Crew_10096,Flt_40966,0
Crew_10096,Flt_41411,0
Crew_10096,Flt_41666,0
Crew_10096,Flt_42065,0
Crew_10096,Flt_42356,0
Crew_10096,Flt_42427,0
Crew_10101,Flt_37972,0
Crew_10101,Flt_38084,0
Crew_10101,Flt_38296,0
Crew_10101,Flt_38706,0
Crew_10101,Flt_38883,0
Crew_10101,Flt_39008,0
Crew_10101,Flt_39326,0
Crew_10101,Flt_39448,0
Crew_10101,Flt_39700,0
Crew_10101,Flt_40221,0
Crew_10101,Flt_42035,0
Crew_10102,Flt_37824,0
Crew_10102,Flt_38560,0
Crew_10102,Flt_38927,0
Crew_10102,Flt_39313,0
Crew_10102,Flt_39888,0
Crew_10102,Flt_40005,0
Crew_10102,ddh_11859,1
Crew_10102,Flt_41927,0
Crew_10102,Flt_42072,0
Crew_10103,Flt_40391,0
Crew_10103,Flt_40712,0
Crew_10103,Flt_40811,0
Crew_10103,Flt_41020,0
Crew_10103,Flt_41570,0
Crew_10103,Flt_41753,0
Crew_10104,Flt_38510,0
Crew_10104,Flt_39227,0
Crew_10104,Flt_39457,0
Crew_10104,Flt_40018,0
Crew_10104,Flt_40142,0
Crew_10104,Flt_40649,0
Crew_10104,Flt_40762,0
Crew_10104,Flt_40910,0
Crew_10105,Flt_37736,0
Crew_10105,Flt_37853,0
Crew_10105,Flt_38406,0
Crew_10105,Flt_39011,0
Crew_10105,Flt_39470,0
Crew_10105,Flt_39589,0
Crew_10105,Flt_39873,0
Crew_10105,Flt_40004,0
Crew_10105,Flt_40245,0
Crew_10105,Flt_41981,0
Crew_10105,Flt_42087,0
Crew_10105,Flt_42309,0
Crew_10106,Flt_38005,0
Crew_10106,Flt_38295,0
Crew_10106,Flt_38721,0
Crew_10106,Flt_39118,0
Crew_10106,Flt_41306,0
Crew_10106,Flt_41532,0
Crew_10106,Flt_41671,0
Crew_10106,Flt_42076,0
Crew_10106,Flt_42190,0
Crew_10106,Flt_42398,0
Crew_10107,Flt_38169,0
Crew_10107,Flt_38255,0
Crew_10107,Flt_38533,0
Crew_10107,Flt_39444,0
Crew_10107,Flt_39872,0
Crew_10107,Flt_40052,0
Crew_10107,Flt_41884,0
Crew_10107,Flt_42015,0
Crew_10107,Flt_42253,0
Crew_10108,Flt_37872,0
Crew_10108,Flt_38840,0
Crew_10108,Flt_39213,0
Crew_10108,Flt_39358,0
Crew_10108,Flt_39577,0
Crew_10108,Flt_40116,0
Crew_10108,Flt_40375,0
Crew_10108,Flt_41978,0
Crew_10108,Flt_42147,0
Crew_10108,Flt_42381,0
Crew_10110,Flt_38320,0
Crew_10110,Flt_38373,0
Crew_10110,Flt_38425,0
Crew_10110,Flt_39216,0
Crew_10110,Flt_39446,0
Crew_10110,Flt_39561,0
Crew_10110,Flt_39946,0
Crew_10110,Flt_40147,0
Crew_10110,Flt_42119,0
Crew_10110,Flt_42332,0
Crew_10111,Flt_40369,0
Crew_10111,Flt_40631,0
Crew_10111,Flt_40743,0
Crew_10111,Flt_40834,0
Crew_10111,Flt_41192,0
Crew_10111,Flt_41474,0
Crew_10112,Flt_38146,0
Crew_10112,Flt_38331,0
Crew_10112,Flt_39073,0
Crew_10112,Flt_39720,0
Crew_10112,Flt_40284,0
Crew_10112,Flt_40401,0
Crew_10112,Flt_42029,0
Crew_10112,Flt_42300,0
Crew_10113,Flt_38096,0
Crew_10113,Flt_38228,0
Crew_10113,Flt_38553,0
Crew_10113,Flt_38725,0
Crew_10113,Flt_39067,0
Crew_10113,Flt_39306,0
Crew_10113,Flt_39788,0
Crew_10113,Flt_41847,0
Crew_10113,Flt_42224,0
Crew_10115,Flt_37833,0
Crew_10115,Flt_38150,0
Crew_10115,Flt_38487,0
Crew_10115,Flt_38649,0
Crew_10115,Flt_39099,0
Crew_10115,Flt_39489,0
Crew_10115,Flt_39767,0
Crew_10115,Flt_40150,0
Crew_10115,Flt_41880,0
Crew_10115,Flt_42020,0
Crew_10116,Flt_37802,0
Crew_10116,Flt_37963,0
Crew_10116,Flt_38441,0
Crew_10116,Flt_38569,0
Crew_10116,Flt_38695,0
Crew_10116,Flt_39081,0
Crew_10116,Flt_39250,0
Crew_10116,Flt_39452,0
Crew_10116,Flt_39775,0
Crew_10116,Flt_39912,0
Crew_10116,Flt_40078,0
Crew_10116,Flt_41859,0
Crew_10117,Flt_37719,0
Crew_10117,Flt_37873,0
Crew_10117,Flt_37993,0
Crew_10117,Flt_38129,0
Crew_10117,Flt_38680,0
Crew_10117,Flt_38813,0
Crew_10117,Flt_38945,0
Crew_10117,Flt_39234,0
Crew_10117,Flt_39359,0
Crew_10117,Flt_39495,0
Crew_10117,Flt_39630,0
Crew_10117,Flt_41207,0
Crew_10117,Flt_41338,0
Crew_10117,Flt_41463,0
Crew_10120,Flt_38095,0
Crew_10120,Flt_38305,0
Crew_10120,Flt_38934,0
Crew_10120,Flt_39034,0
Crew_10120,Flt_39610,0
Crew_10120,Flt_39729,0
Crew_10120,Flt_40118,0
Crew_10120,Flt_40286,0
Crew_10120,Flt_41812,0
Crew_10121,Flt_38464,0
Crew_10121,Flt_38565,0
Crew_10121,Flt_39599,0
Crew_10121,Flt_40087,0
Crew_10121,Flt_40197,0
Crew_10121,Flt_40535,0
Crew_10121,Flt_40700,0
Crew_10121,Flt_40820,0
Crew_10122,Flt_37720,0
Crew_10122,Flt_37856,0
Crew_10122,Flt_38028,0
Crew_10122,Flt_38116,0
Crew_10122,Flt_38542,0
Crew_10122,Flt_38777,0
Crew_10122,Flt_39540,0
Crew_10122,Flt_39874,0
Crew_10122,Flt_40049,0
Crew_10122,Flt_42078,0
Crew_10122,Flt_42179,0
Crew_10123,Flt_38448,0
Crew_10123,Flt_38603,0
Crew_10123,Flt_39549,0
Crew_10123,Flt_39738,0
Crew_10123,Flt_40303,0
Crew_10123,Flt_40680,0
Crew_10123,Flt_40827,0
Crew_10123,Flt_40922,0
Crew_10123,Flt_41066,0
Crew_10125,Flt_38007,0
Crew_10125,Flt_38121,0
Crew_10125,Flt_38554,0
Crew_10125,Flt_38734,0
Crew_10125,Flt_39199,0
Crew_10125,Flt_39409,0
Crew_10125,ddh_10608,1
Crew_10125,Flt_41189,0
Crew_10125,Flt_41440,0
Crew_10125,Flt_41533,0
Crew_10125,Flt_42062,0
Crew_10126,Flt_37700,0
Crew_10126,Flt_37992,0
Crew_10126,Flt_38409,0
Crew_10126,Flt_38545,0
Crew_10126,Flt_38704,0
Crew_10126,Flt_39070,0
Crew_10126,Flt_39310,0
Crew_10126,Flt_41581,0
Crew_10126,Flt_41934,0
Crew_10126,Flt_42134,0
Crew_10129,Flt_37801,0
Crew_10129,Flt_38376,0
Crew_10129,Flt_39573,0
Crew_10129,Flt_40278,0
Crew_10129,Flt_42042,0
Crew_10129,Flt_42204,0
Crew_10130,Flt_38154,0
Crew_10130,Flt_38303,0
Crew_10130,Flt_38657,0
Crew_10130,Flt_38769,0
Crew_10130,Flt_38984,0
Crew_10130,Flt_40596,0
Crew_10130,Flt_40826,0
Crew_10130,Flt_41266,0
Crew_10130,Flt_41461,0
Crew_10130,Flt_42415,0
Crew_10133,Flt_37734,0
Crew_10133,Flt_38049,0
Crew_10133,Flt_38632,0
Crew_10133,Flt_38846,0
Crew_10133,Flt_39315,0
Crew_10133,Flt_39554,0
Crew_10133,Flt_40014,0
Crew_10133,Flt_40212,0
Crew_10133,Flt_42075,0
Crew_10133,Flt_42339,0
Crew_10133,Flt_42416,0
Crew_10137,Flt_38251,0
Crew_10137,Flt_38954,0
Crew_10137,Flt_39416,0
Crew_10137,Flt_39608,0
Crew_10137,Flt_39990,0
Crew_10137,Flt_40304,0
Crew_10137,Flt_41899,0
Crew_10137,Flt_42046,0
Crew_10137,Flt_42305,0
Crew_10138,Flt_39178,0
Crew_10138,Flt_40264,0
Crew_10138,Flt_40603,0
Crew_10138,Flt_40739,0
Crew_10138,Flt_40952,0
Crew_10138,Flt_41294,0
Crew_10138,Flt_41536,0
Crew_10141,Flt_37749,0
Crew_10141,Flt_37989,0
Crew_10141,Flt_38431,0
Crew_10141,Flt_38642,0
Crew_10141,Flt_39285,0
Crew_10141,Flt_39510,0
Crew_10141,Flt_41418,0
Crew_10141,Flt_41653,0
Crew_10141,Flt_42086,0
Crew_10141,Flt_42409,0
Crew_10142,Flt_37796,0
Crew_10142,Flt_38105,0
Crew_10142,Flt_38635,0
Crew_10142,Flt_38884,0
Crew_10142,Flt_39272,0
Crew_10142,Flt_39464,0
Crew_10142,Flt_39903,0
Crew_10142,Flt_40215,0
Crew_10142,Flt_42057,0
Crew_10142,Flt_42347,0
Crew_10143,Flt_37812,0
Crew_10143,Flt_38595,0
Crew_10143,Flt_39229,0
Crew_10143,Flt_39413,0
Crew_10143,Flt_39856,0
Crew_10143,Flt_42071,0
Crew_10145,Flt_38093,0
Crew_10145,Flt_38593,0
Crew_10145,Flt_38880,0
Crew_10145,Flt_38981,0
Crew_10145,Flt_39628,0
Crew_10145,Flt_40072,0
Crew_10145,Flt_40159,0
Crew_10145,Flt_40373,0
Crew_10145,Flt_41850,0
Crew_10145,Flt_42127,0
Crew_10146,Flt_37733,0
Crew_10146,Flt_38036,0
Crew_10146,Flt_38532,0
Crew_10146,Flt_38830,0
Crew_10146,Flt_39262,0
Crew_10146,Flt_39427,0
Crew_10146,Flt_40077,0
Crew_10146,Flt_40328,0
Crew_10146,Flt_42044,0
Crew_10146,Flt_42352,0
Crew_10147,Flt_38155,0
Crew_10147,Flt_38319,0
Crew_10147,Flt_38989,0
Crew_10147,Flt_39049,0
Crew_10147,Flt_39399,0
Crew_10147,Flt_39691,0
Crew_10147,Flt_40157,0
Crew_10147,Flt_40298,0
Crew_10147,Flt_41849,0
Crew_10147,Flt_42162,0
Crew_10148,Flt_38244,0
Crew_10148,Flt_38581,0
Crew_10148,Flt_38960,0
Crew_10148,Flt_39465,0
Crew_10148,Flt_39703,0
Crew_10148,Flt_40067,0
Crew_10148,Flt_40231,0
Crew_10148,Flt_41947,0
Crew_10148,Flt_42283,0
Crew_10152,Flt_37874,0
Crew_10152,Flt_38718,0
Crew_10152,Flt_39505,0
Crew_10152,Flt_41637,0
Crew_10152,Flt_42101,0
Crew_10152,Flt_42234,0
Crew_10153,Flt_37852,0
Crew_10153,Flt_38044,0
Crew_10153,Flt_38517,0
Crew_10153,Flt_38807,0
Crew_10153,Flt_39083,0
Crew_10153,Flt_39705,0
Crew_10153,Flt_39814,0
Crew_10153,Flt_42114,0
Crew_10153,Flt_42366,0
Crew_10154,Flt_37799,0
Crew_10154,Flt_37969,0
Crew_10154,Flt_38483,0
Crew_10154,Flt_38654,0
Crew_10154,Flt_39157,0
Crew_10154,Flt_39541,0
Crew_10154,Flt_39836,0
Crew_10154,Flt_39966,0
Crew_10154,ddh_12189,1
Crew_10154,ddh_10959,1
Crew_10154,Flt_41886,0
Crew_10154,Flt_41994,0
Crew_10157,Flt_38456,0
Crew_10157,Flt_39865,0
Crew_10157,Flt_39962,0
Crew_10157,Flt_40490,0
Crew_10157,Flt_40615,0
Crew_10157,Flt_40849,0
Crew_10158,Flt_37794,0
Crew_10158,Flt_38108,0
Crew_10158,Flt_38479,0
Crew_10158,Flt_38792,0
Crew_10158,Flt_39195,0
Crew_10158,Flt_39519,0
Crew_10158,Flt_39848,0
Crew_10158,Flt_41972,0
Crew_10160,Flt_39204,0
Crew_10160,Flt_39792,0
Crew_10160,Flt_39950,0
Crew_10160,Flt_40459,0
Crew_10160,Flt_40627,0
Crew_10160,Flt_40801,0
Crew_10160,Flt_41118,0
Crew_10160,Flt_41371,0
Crew_10162,Flt_37918,0
Crew_10162,Flt_38060,0
Crew_10162,Flt_38281,0
Crew_10162,Flt_38586,0
Crew_10162,Flt_38753,0
Crew_10162,Flt_39605,0
Crew_10162,Flt_41166,0
Crew_10162,Flt_41383,0
Crew_10162,Flt_42047,0
Crew_10162,Flt_42160,0
Crew_10162,Flt_42377,0
Crew_10164,Flt_39921,0
Crew_10164,Flt_40786,0
Crew_10164,Flt_40968,0
Crew_10164,Flt_41074,0
Crew_10164,Flt_41402,0
Crew_10168,Flt_37710,0
Crew_10168,Flt_37978,0
Crew_10168,Flt_38100,0
Crew_10168,Flt_38403,0
Crew_10168,Flt_38563,0
Crew_10168,Flt_38713,0
Crew_10168,Flt_38811,0
Crew_10168,Flt_39071,0
Crew_10168,Flt_41263,0
Crew_10168,Flt_41498,0
Crew_10168,Flt_42050,0
Crew_10172,Flt_38536,0
Crew_10172,Flt_40045,0
Crew_10172,Flt_40282,0
Crew_10172,Flt_40410,0
Crew_10172,Flt_40719,0
Crew_10172,Flt_40928,0
Crew_10173,Flt_37704,0
Crew_10173,Flt_37847,0
Crew_10173,Flt_37964,0
Crew_10173,Flt_38092,0
Crew_10173,Flt_38541,0
Crew_10173,Flt_38873,0
Crew_10173,Flt_39231,0
Crew_10173,Flt_39595,0
Crew_10173,Flt_39928,0
Crew_10173,Flt_42259,0
Crew_10176,Flt_39123,0
Crew_10176,Flt_40008,0
Crew_10176,Flt_40293,0
Crew_10176,Flt_40697,0
Crew_10176,Flt_40925,0
Crew_10176,Flt_41054,0
Crew_10176,Flt_41403,0
Crew_10176,Flt_41640,0
Crew_10177,Flt_37791,0
Crew_10177,Flt_37949,0
Crew_10177,Flt_38633,0
Crew_10177,Flt_39169,0
Crew_10177,Flt_41396,0
Crew_10177,Flt_41662,0
Crew_10177,Flt_41771,0
Crew_10177,Flt_42299,0
Crew_10179,Flt_38385,0
Crew_10179,Flt_39323,0
Crew_10179,Flt_39772,0
Crew_10179,Flt_40432,0
Crew_10179,Flt_40619,0
Crew_10180,Flt_37722,0
Crew_10180,Flt_37909,0
Crew_10180,Flt_38410,0
Crew_10180,Flt_38676,0
Crew_10180,Flt_39063,0
Crew_10180,Flt_39759,0
Crew_10180,Flt_39899,0
Crew_10180,Flt_41866,0
Crew_10180,Flt_42174,0
Crew_10185,Flt_38186,0
Crew_10185,Flt_38312,0
Crew_10185,Flt_40321,0
Crew_10185,Flt_41036,0
Crew_10185,Flt_41121,0
Crew_10185,Flt_41931,0
Crew_10185,Flt_42187,0
Crew_10186,Flt_39115,0
Crew_10186,Flt_39706,0
Crew_10186,Flt_39756,0
Crew_10186,Flt_40833,0
Crew_10186,Flt_40949,0
Crew_10186,Flt_41100,0
Crew_10186,Flt_41478,0
Crew_10186,Flt_41631,0
Crew_10189,Flt_37821,0
Crew_10189,Flt_38181,0
Crew_10189,Flt_38509,0
Crew_10189,Flt_38859,0
Crew_10189,Flt_39221,0
Crew_10189,Flt_39949,0
Crew_10189,Flt_40156,0
Crew_10189,Flt_40273,0
Crew_10189,Flt_42272,0
Crew_10189,Flt_42358,0
Crew_10192,Flt_38504,0
Crew_10192,Flt_39694,0
Crew_10192,Flt_40270,0
Crew_10192,Flt_40399,0
Crew_10192,Flt_40794,0
Crew_10192,Flt_40946,0
Crew_10193,Flt_38437,0
Crew_10193,Flt_39552,0
Crew_10193,Flt_40141,0
Crew_10193,Flt_40276,0
Crew_10193,Flt_40783,0
Crew_10193,Flt_40923,0
Crew_10196,Flt_40419,0
Crew_10196,Flt_41134,0
Crew_10196,Flt_41287,0
Crew_10196,Flt_41805,0
Crew_10200,Flt_38225,0
Crew_10200,Flt_38342,0
Crew_10200,Flt_38661,0
Crew_10200,Flt_39556,0
Crew_10200,Flt_39965,0
Crew_10200,Flt_40309,0
Crew_10200,Flt_41837,0
Crew_10200,Flt_42003,0
Crew_10200,Flt_42175,0
Crew_10201,Flt_37835,0
Crew_10201,Flt_38054,0
Crew_10201,Flt_38466,0
Crew_10201,Flt_40612,0
Crew_10201,Flt_40720,0
Crew_10201,Flt_40941,0
Crew_10201,Flt_41217,0
Crew_10201,Flt_41370,0
Crew_10201,ddh_11271,1
Crew_10201,Flt_41919,0
Crew_10203,Flt_39845,0
Crew_10203,Flt_40640,0
Crew_10203,Flt_40772,0
Crew_10203,Flt_40998,0
Crew_10203,Flt_41116,0
Crew_10203,Flt_41114,0
Crew_10203,Flt_42009,0
Crew_10205,Flt_37914,0
Crew_10205,Flt_38000,0
Crew_10205,Flt_38299,0
Crew_10205,Flt_38848,0
Crew_10205,Flt_39159,0
Crew_10205,Flt_39491,0
Crew_10205,Flt_39977,0
Crew_10205,ddh_10226,1
Crew_10205,Flt_42140,0
Crew_10205,Flt_42414,0
Crew_10215,Flt_37977,0
Crew_10215,Flt_38412,0
Crew_10215,Flt_38732,0
Crew_10215,Flt_39585,0
Crew_10215,Flt_39967,0
Crew_10215,Flt_40091,0
Crew_10215,Flt_40338,0
Crew_10215,Flt_41834,0
Crew_10215,Flt_42037,0
Crew_10218,Flt_37702,0
Crew_10218,Flt_38821,0
Crew_10218,Flt_38957,0
Crew_10218,Flt_39245,0
Crew_10218,Flt_39584,0
Crew_10218,Flt_40036,0
Crew_10218,Flt_40251,0
Crew_10218,Flt_41926,0
Crew_10218,Flt_42090,0
Crew_10218,Flt_42239,0
Crew_10220,Flt_37778,0
Crew_10220,Flt_37926,0
Crew_10220,Flt_38493,0
Crew_10220,Flt_38585,0
Crew_10220,Flt_38774,0
Crew_10220,Flt_39303,0
Crew_10220,Flt_41181,0
Crew_10220,Flt_41291,0
Crew_10220,Flt_41515,0
Crew_10220,Flt_42282,0
Crew_10221,Flt_38346,0
Crew_10221,Flt_38391,0
Crew_10221,Flt_39699,0
Crew_10221,Flt_41127,0
Crew_10221,Flt_41382,0
Crew_10221,Flt_41494,0
Crew_10221,ddh_11251,1
Crew_10221,Flt_41961,0
Crew_10221,Flt_42142,0
Crew_10228,Flt_37959,0
Crew_10228,Flt_38194,0
Crew_10228,Flt_38572,0
Crew_10228,Flt_39432,0
Crew_10228,Flt_39697,0
Crew_10228,Flt_40086,0
Crew_10228,Flt_40229,0
Crew_10228,Flt_41882,0
Crew_10228,Flt_42108,0
Crew_10228,Flt_42238,0
Crew_10233,Flt_37721,0
Crew_10233,Flt_37859,0
Crew_10233,Flt_38019,0
Crew_10233,Flt_38392,0
Crew_10233,Flt_38634,0
Crew_10233,Flt_39523,0
Crew_10233,Flt_39878,0
Crew_10233,Flt_40241,0
Crew_10233,Flt_41839,0
Crew_10233,Flt_42167,0
Crew_10238,Flt_37820,0
Crew_10238,Flt_37997,0
Crew_10238,Flt_38463,0
Crew_10238,Flt_38604,0
Crew_10238,Flt_38791,0
Crew_10238,Flt_40983,0
Crew_10238,Flt_41286,0
Crew_10238,Flt_41652,0
Crew_10238,Flt_42013,0
Crew_10238,Flt_42342,0
Crew_10243,Flt_38027,0
Crew_10243,Flt_38127,0
Crew_10243,Flt_38246,0
Crew_10243,Flt_38362,0
Crew_10243,Flt_38673,0
Crew_10243,Flt_38831,0
Crew_10243,Flt_39147,0
Crew_10243,Flt_39406,0
Crew_10243,Flt_39922,0
Crew_10243,Flt_40188,0
Crew_10243,Flt_40317,0
Crew_10243,Flt_41833,0
Crew_10243,Flt_42219,0
Crew_10244,Flt_38233,0
Crew_10244,Flt_38349,0
Crew_10244,Flt_39133,0
Crew_10244,Flt_39249,0
Crew_10244,Flt_41167,0
Crew_10244,Flt_41459,0
Crew_10244,Flt_41568,0
Crew_10244,Flt_42036,0
Crew_10249,ddh_10785,1
Crew_10249,Flt_37760,0
Crew_10249,Flt_38088,0
Crew_10249,Flt_38710,0
Crew_10249,Flt_38888,0
Crew_10249,Flt_40426,0
Crew_10249,Flt_40520,0
Crew_10249,Flt_41415,0
Crew_10249,Flt_41678,0
Crew_10249,Flt_42124,0
Crew_10249,Flt_42367,0
Crew_10250,Flt_37987,0
Crew_10250,Flt_38434,0
Crew_10250,Flt_38559,0
Crew_10250,Flt_38677,0
Crew_10250,Flt_39068,0
Crew_10250,Flt_39191,0
Crew_10250,Flt_39419,0
Crew_10250,Flt_40126,0
Crew_10250,Flt_40255,0
Crew_10250,Flt_41904,0
Crew_10250,Flt_42248,0
Crew_10253,Flt_38112,0
Crew_10253,Flt_38205,0
Crew_10253,Flt_38578,0
Crew_10253,Flt_38887,0
Crew_10253,Flt_39410,0
Crew_10253,Flt_39662,0
Crew_10253,Flt_40099,0
Crew_10253,Flt_40353,0
Crew_10253,Flt_41856,0
Crew_10253,Flt_41980,0
Crew_10253,Flt_42236,0
Crew_10255,Flt_40869,0
Crew_10255,Flt_41023,0
Crew_10255,Flt_41467,0
Crew_10255,Flt_41596,0
Crew_10255,Flt_41751,0
Crew_10255,Flt_42312,0
Crew_10256,Flt_37718,0
Crew_10256,Flt_37886,0
Crew_10256,Flt_38136,0
Crew_10256,Flt_38555,0
Crew_10256,Flt_38733,0
Crew_10256,Flt_38882,0
Crew_10256,Flt_39203,0
Crew_10256,Flt_39317,0
Crew_10256,Flt_39525,0
Crew_10256,Flt_41367,0
Crew_10256,Flt_41614,0
Crew_10256,Flt_42412,0
Crew_10263,Flt_38067,0
Crew_10263,Flt_38356,0
Crew_10263,Flt_38674,0
Crew_10263,Flt_38921,0
Crew_10263,Flt_39368,0
Crew_10263,Flt_39478,0
Crew_10263,Flt_39790,0
Crew_10263,Flt_40048,0
Crew_10263,Flt_41935,0
Crew_10263,Flt_42256,0
Crew_10266,Flt_37759,0
Crew_10266,Flt_37915,0
Crew_10266,Flt_38043,0
Crew_10266,Flt_38641,0
Crew_10266,Flt_38875,0
Crew_10266,Flt_39010,0
Crew_10266,Flt_39609,0
Crew_10266,Flt_39910,0
Crew_10266,Flt_40202,0
Crew_10266,Flt_42360,0
Crew_10267,Flt_38322,0
Crew_10267,Flt_38372,0
Crew_10267,Flt_39433,0
Crew_10267,Flt_39543,0
Crew_10267,Flt_41193,0
Crew_10267,Flt_41313,0
Crew_10267,Flt_41539,0
Crew_10271,Flt_37741,0
Crew_10271,Flt_37938,0
Crew_10271,Flt_38471,0
Crew_10271,Flt_38688,0
Crew_10271,Flt_38794,0
Crew_10271,Flt_39140,0
Crew_10271,Flt_39367,0
Crew_10271,Flt_39502,0
Crew_10271,Flt_41320,0
Crew_10271,Flt_41458,0
Crew_10271,Flt_42410,0
Crew_10275,Flt_37699,0
Crew_10275,Flt_38076,0
Crew_10275,Flt_38800,0
Crew_10275,Flt_38904,0
Crew_10275,Flt_39224,0
Crew_10275,Flt_39474,0
Crew_10275,Flt_39615,0
Crew_10275,Flt_39944,0
Crew_10275,Flt_40138,0
Crew_10275,Flt_42118,0
Crew_10275,Flt_42302,0
Crew_10276,Flt_40481,0
Crew_10276,Flt_40863,0
Crew_10276,Flt_41155,0
Crew_10276,Flt_41877,0
Crew_10278,Flt_39426,0
Crew_10278,Flt_40263,0
Crew_10278,Flt_40579,0
Crew_10278,Flt_40916,0
Crew_10278,Flt_41249,0
Crew_10278,Flt_41379,0
Crew_10278,Flt_41617,0
Crew_10279,Flt_37877,0
Crew_10279,Flt_38012,0
Crew_10279,Flt_38152,0
Crew_10279,Flt_38552,0
Crew_10279,Flt_38743,0
Crew_10279,Flt_39228,0
Crew_10279,Flt_39776,0
Crew_10279,Flt_39963,0
Crew_10279,Flt_40115,0
Crew_10279,Flt_42061,0
Crew_10279,Flt_42135,0
Crew_10279,Flt_42402,0
Crew_10280,Flt_37889,0
Crew_10280,Flt_38123,0
Crew_10280,Flt_38404,0
Crew_10280,Flt_38755,0
Crew_10280,Flt_39129,0
Crew_10280,Flt_39248,0
Crew_10280,Flt_39417,0
Crew_10280,Flt_39778,0
Crew_10280,Flt_40034,0
Crew_10280,Flt_42229,0
Crew_10280,Flt_42393,0
Crew_10282,Flt_38289,0
Crew_10282,Flt_38864,0
Crew_10282,Flt_39190,0
Crew_10282,Flt_39499,0
Crew_10282,Flt_39807,0
Crew_10282,Flt_39934,0
Crew_10282,Flt_40135,0
Crew_10282,Flt_42126,0
Crew_10282,Flt_42385,0
Crew_10285,Flt_38243,0
Crew_10285,Flt_38361,0
Crew_10285,Flt_38754,0
Crew_10285,Flt_39041,0
Crew_10285,Flt_39436,0
Crew_10285,Flt_39580,0
Crew_10285,Flt_40061,0
Crew_10285,Flt_40300,0
Crew_10285,Flt_41804,0
Crew_10286,Flt_37724,0
Crew_10286,Flt_37970,0
Crew_10286,Flt_38126,0
Crew_10286,Flt_38400,0
Crew_10286,Flt_38653,0
Crew_10286,Flt_39112,0
Crew_10286,Flt_39460,0
Crew_10286,Flt_41391,0
Crew_10286,Flt_41514,0
Crew_10286,Flt_41627,0
Crew_10293,Flt_39497,0
Crew_10293,Flt_40322,0
Crew_10293,Flt_40416,0
Crew_10293,Flt_40741,0
Crew_10293,Flt_40825,0
Crew_10293,Flt_41088,0
Crew_10293,Flt_41465,0
Crew_10293,Flt_41703,0
Crew_10295,Flt_38970,0
Crew_10295,Flt_39546,0
Crew_10295,Flt_39887,0
Crew_10295,Flt_40452,0
Crew_10295,Flt_40604,0
Crew_10295,Flt_40731,0
Crew_10295,Flt_40873,0
Crew_10296,Flt_37762,0
Crew_10296,Flt_39061,0
Crew_10296,Flt_39193,0
Crew_10296,Flt_39825,0
Crew_10296,Flt_39942,0
Crew_10296,Flt_40170,0
Crew_10296,Flt_42387,0
Crew_10300,Flt_39182,0
Crew_10300,Flt_40318,0
Crew_10300,Flt_40646,0
Crew_10300,Flt_40957,0
Crew_10300,Flt_41292,0
Crew_10300,Flt_41462,0
Crew_10301,Flt_40082,0
Crew_10301,Flt_41686,0
Crew_10301,Flt_42195,0
Crew_10302,Flt_39978,0
Crew_10302,Flt_40089,0
Crew_10302,Flt_40470,0
Crew_10302,Flt_40799,0
Crew_10302,Flt_41648,0
Crew_10302,Flt_41782,0
Crew_10302,ddh_11452,1
Crew_10302,Flt_42404,0
Crew_10303,Flt_39151,0
Crew_10303,Flt_39265,0
Crew_10303,Flt_39782,0
Crew_10303,Flt_40851,0
Crew_10303,Flt_41068,0
Crew_10303,Flt_41408,0
Crew_10303,Flt_41544,0
Crew_10303,Flt_41761,0
Crew_10307,Flt_37729,0
Crew_10307,Flt_38035,0
Crew_10307,Flt_38454,0
Crew_10307,Flt_38609,0
Crew_10307,Flt_38815,0
Crew_10307,Flt_39078,0
Crew_10307,Flt_39218,0
Crew_10307,Flt_41151,0
Crew_10307,Flt_41308,0
Crew_10307,Flt_41446,0
Crew_10307,Flt_41512,0
Crew_10307,Flt_42389,0
Crew_10311,Flt_38438,0
Crew_10311,Flt_39640,0
Crew_10311,Flt_40066,0
Crew_10311,Flt_40248,0
Crew_10311,Flt_40593,0
Crew_10311,Flt_40776,0
Crew_10312,Flt_37779,0
Crew_10312,Flt_37895,0
Crew_10312,Flt_38118,0
Crew_10312,Flt_38630,0
Crew_10312,Flt_38870,0
Crew_10312,Flt_38995,0
Crew_10312,Flt_39271,0
Crew_10312,Flt_39430,0
Crew_10312,Flt_39592,0
Crew_10312,Flt_41282,0
Crew_10312,Flt_41519,0
Crew_10312,Flt_42373,0
Crew_10315,Flt_37884,0
Crew_10315,Flt_38746,0
Crew_10315,Flt_38991,0
Crew_10315,Flt_39569,0
Crew_10315,Flt_41147,0
Crew_10315,Flt_41443,0
Crew_10315,Flt_41821,0
Crew_10315,Flt_42088,0
Crew_10315,Flt_42227,0
Crew_10316,Flt_37727,0
Crew_10316,Flt_37946,0
Crew_10316,Flt_38090,0
Crew_10316,Flt_38683,0
Crew_10316,Flt_38801,0
Crew_10316,Flt_38939,0
Crew_10316,Flt_39291,0
Crew_10316,Flt_39414,0
Crew_10316,Flt_39654,0
Crew_10316,Flt_41153,0
Crew_10316,Flt_41360,0
Crew_10318,Flt_38149,0
Crew_10318,Flt_38300,0
Crew_10318,Flt_38720,0
Crew_10318,Flt_38828,0
Crew_10318,Flt_39371,0
Crew_10318,Flt_39488,0
Crew_10318,Flt_39661,0
Crew_10318,ddh_12289,1
Crew_10318,ddh_10519,1
Crew_10318,Flt_42028,0
Crew_10318,Flt_42301,0
Crew_10324,Flt_39100,0
Crew_10324,Flt_39466,0
Crew_10324,Flt_39858,0
Crew_10324,Flt_40822,0
Crew_10324,Flt_40970,0
Crew_10324,Flt_41479,0
Crew_10324,Flt_41654,0
Crew_10325,Flt_38227,0
Crew_10325,Flt_38352,0
Crew_10325,Flt_38689,0
Crew_10325,Flt_39384,0
Crew_10325,Flt_39538,0
Crew_10325,Flt_39728,0
Crew_10325,Flt_40085,0
Crew_10325,Flt_40382,0
Crew_10325,Flt_41862,0
Crew_10325,Flt_41996,0
Crew_10325,Flt_42217,0
Crew_10326,Flt_38125,0
Crew_10326,Flt_38269,0
Crew_10326,Flt_39119,0
Crew_10326,Flt_41361,0
Crew_10326,Flt_41531,0
Crew_10326,Flt_42043,0
Crew_10326,Flt_42423,0
Crew_10329,Flt_37728,0
Crew_10329,Flt_37933,0
Crew_10329,Flt_38443,0
Crew_10329,Flt_38711,0
Crew_10329,Flt_39117,0
Crew_10329,Flt_39292,0
Crew_10329,Flt_39911,0
Crew_10329,Flt_40148,0
Crew_10329,Flt_41952,0
Crew_10329,Flt_42264,0
Crew_10330,Flt_38013,0
Crew_10330,Flt_38878,0
Crew_10330,Flt_39376,0
Crew_10330,Flt_39440,0
Crew_10330,Flt_39568,0
Crew_10330,Flt_41496,0
Crew_10330,Flt_41626,0
Crew_10330,Flt_41774,0
Crew_10330,Flt_42277,0
Crew_10334,Flt_39598,0
Crew_10334,Flt_40398,0
Crew_10334,Flt_40901,0
Crew_10334,Flt_41073,0
Crew_10334,Flt_41523,0
Crew_10334,Flt_41706,0
Crew_10336,Flt_38033,0
Crew_10336,Flt_38176,0
Crew_10336,Flt_38501,0
Crew_10336,Flt_38617,0
Crew_10336,Flt_38716,0
Crew_10336,Flt_38851,0
Crew_10336,Flt_39141,0
Crew_10336,Flt_39273,0
Crew_10336,Flt_39500,0
Crew_10336,Flt_41377,0
Crew_10336,Flt_41584,0
Crew_10336,Flt_42324,0
Crew_10337,Flt_37742,0
Crew_10337,Flt_38393,0
Crew_10337,Flt_38643,0
Crew_10337,Flt_39407,0
Crew_10337,Flt_39547,0
Crew_10337,Flt_39895,0
Crew_10337,Flt_40095,0
Crew_10337,Flt_42097,0
Crew_10337,Flt_42329,0
Crew_10337,Flt_42420,0
Crew_10338,Flt_39210,0
Crew_10338,Flt_40131,0
Crew_10338,Flt_40549,0
Crew_10338,Flt_40686,0
Crew_10338,Flt_40777,0
Crew_10338,Flt_40903,0
Crew_10338,Flt_41194,0
Crew_10338,Flt_41314,0
Crew_10338,Flt_41534,0
Crew_10340,Flt_37713,0
Crew_10340,Flt_37986,0
Crew_10340,Flt_38440,0
Crew_10340,Flt_38614,0
Crew_10340,Flt_39082,0
Crew_10340,Flt_39424,0
Crew_10340,Flt_39853,0
Crew_10340,Flt_40015,0
Crew_10340,Flt_40134,0
Crew_10340,Flt_42311,0
Crew_10341,Flt_37731,0
Crew_10341,Flt_37876,0
Crew_10341,Flt_38039,0
Crew_10341,Flt_38486,0
Crew_10341,Flt_38736,0
Crew_10341,Flt_40584,0
Crew_10341,Flt_40821,0
Crew_10341,Flt_41712,0
Crew_10341,Flt_42089,0
Crew_10341,Flt_42303,0
Crew_10345,Flt_37776,0
Crew_10345,Flt_37916,0
Crew_10345,Flt_38177,0
Crew_10345,Flt_38963,0
Crew_10345,Flt_39239,0
Crew_10345,Flt_39379,0
Crew_10345,Flt_39520,0
Crew_10345,Flt_39991,0
Crew_10345,Flt_40207,0
Crew_10345,Flt_40356,0
Crew_10345,Flt_41940,0
Crew_10345,Flt_42079,0
Crew_10346,Flt_37763,0
Crew_10346,Flt_38491,0
Crew_10346,Flt_38610,0
Crew_10346,Flt_38877,0
Crew_10346,Flt_39196,0
Crew_10346,Flt_39455,0
Crew_10346,Flt_39551,0
Crew_10346,Flt_41549,0
Crew_10346,Flt_41687,0
Crew_10346,Flt_42158,0
Crew_10349,Flt_38992,0
Crew_10349,Flt_39535,0
Crew_10349,Flt_39680,0
Crew_10349,Flt_40228,0
Crew_10349,Flt_40393,0
Crew_10349,Flt_40763,0
Crew_10349,Flt_41001,0
Crew_10351,Flt_38062,0
Crew_10351,Flt_38240,0
Crew_10351,Flt_38577,0
Crew_10351,Flt_38834,0
Crew_10351,Flt_39155,0
Crew_10351,Flt_39309,0
Crew_10351,Flt_39539,0
Crew_10351,Flt_40073,0
Crew_10351,Flt_40352,0
Crew_10351,Flt_42030,0
Crew_10351,Flt_42327,0
Crew_10352,Flt_37831,0
Crew_10352,Flt_38739,0
Crew_10352,Flt_39035,0
Crew_10352,Flt_39512,0
Crew_10352,Flt_39633,0
Crew_10352,Flt_39731,0
Crew_10352,Flt_40094,0
Crew_10352,Flt_40214,0
Crew_10352,Flt_40343,0
Crew_10352,Flt_41941,0
Crew_10352,Flt_42085,0
Crew_10353,Flt_37723,0
Crew_10353,Flt_37985,0
Crew_10353,Flt_38808,0
Crew_10353,Flt_38947,0
Crew_10353,Flt_39302,0
Crew_10353,Flt_39597,0
Crew_10353,Flt_40127,0
Crew_10353,Flt_41838,0
Crew_10353,Flt_42152,0
Crew_10355,Flt_37707,0
Crew_10355,Flt_38650,0
Crew_10355,Flt_38858,0
Crew_10355,Flt_39690,0
Crew_10355,Flt_40047,0
Crew_10355,Flt_40195,0
Crew_10355,Flt_40313,0
Crew_10355,Flt_42243,0
Crew_10355,Flt_42379,0
Crew_10356,Flt_37838,0
Crew_10356,Flt_37975,0
Crew_10356,Flt_38153,0
Crew_10356,Flt_38567,0
Crew_10356,Flt_38842,0
Crew_10356,Flt_39333,0
Crew_10356,Flt_39596,0
Crew_10356,Flt_40097,0
Crew_10356,Flt_41879,0
Crew_10356,Flt_42005,0
Crew_10356,Flt_42275,0
Crew_10358,Flt_38511,0
Crew_10358,Flt_39666,0
Crew_10358,Flt_40081,0
Crew_10358,Flt_40169,0
Crew_10358,Flt_40414,0
Crew_10358,Flt_40758,0
Crew_10358,Flt_40876,0
Crew_10358,Flt_41010,0
Crew_10359,Flt_38058,0
Crew_10359,Flt_38261,0
Crew_10359,Flt_38623,0
Crew_10359,Flt_38935,0
Crew_10359,Flt_39372,0
Crew_10359,Flt_39483,0
Crew_10359,Flt_39669,0
Crew_10359,Flt_41488,0
Crew_10359,Flt_41607,0
Crew_10359,Flt_41738,0
Crew_10359,Flt_42240,0
Crew_10362,Flt_37757,0
Crew_10362,Flt_38101,0
Crew_10362,Flt_38405,0
Crew_10362,Flt_38618,0
Crew_10362,Flt_39065,0
Crew_10362,Flt_39226,0
Crew_10362,Flt_39459,0
Crew_10362,Flt_39896,0
Crew_10362,Flt_40123,0
Crew_10362,Flt_41848,0
Crew_10363,Flt_37753,0
Crew_10363,Flt_37910,0
Crew_10363,Flt_38442,0
Crew_10363,Flt_40643,0
Crew_10363,Flt_40854,0
Crew_10363,Flt_40989,0
Crew_10363,Flt_41340,0
Crew_10363,Flt_41425,0
Crew_10363,Flt_41673,0
Crew_10367,Flt_39223,0
Crew_10367,Flt_39369,0
Crew_10367,Flt_39472,0
Crew_10367,Flt_39784,0
Crew_10367,Flt_39953,0
Crew_10367,Flt_40120,0
Crew_10367,Flt_40639,0
Crew_10367,Flt_40813,0
Crew_10367,Flt_41146,0
Crew_10367,Flt_41409,0
Crew_10367,Flt_41561,0
Crew_10368,Flt_37834,0
Crew_10368,Flt_38141,0
Crew_10368,Flt_38423,0
Crew_10368,Flt_38723,0
Crew_10368,Flt_39237,0
Crew_10368,Flt_39345,0
Crew_10368,Flt_39469,0
Crew_10368,Flt_39574,0
Crew_10368,Flt_41149,0
Crew_10368,Flt_41414,0
Crew_10368,Flt_41563,0
Crew_10370,Flt_39877,0
Crew_10370,Flt_40020,0
Crew_10370,Flt_40479,0
Crew_10370,Flt_40623,0
Crew_10370,Flt_40830,0
Crew_10370,Flt_41594,0
Crew_10370,Flt_42185,0
Crew_10370,Flt_42350,0
Crew_10371,Flt_38427,0
Crew_10371,Flt_39094,0
Crew_10371,Flt_39421,0
Crew_10371,Flt_39901,0
Crew_10371,Flt_40271,0
Crew_10371,Flt_40861,0
Crew_10371,Flt_41035,0
Crew_10377,Flt_37743,0
Crew_10377,Flt_37957,0
Crew_10377,Flt_38768,0
Crew_10377,Flt_39136,0
Crew_10377,Flt_39263,0
Crew_10377,Flt_39509,0
Crew_10377,Flt_39998,0
Crew_10377,Flt_40165,0
Crew_10377,Flt_42106,0
Crew_10377,Flt_42343,0
Crew_10380,Flt_38529,0
Crew_10380,Flt_39721,0
Crew_10380,Flt_39768,0
Crew_10380,Flt_40397,0
Crew_10380,Flt_40458,0
Crew_10380,Flt_41084,0
Crew_10381,Flt_39791,0
Crew_10381,Flt_39906,0
Crew_10381,Flt_40463,0
Crew_10381,Flt_41089,0
Crew_10381,Flt_41119,0
Crew_10381,Flt_41783,0
Crew_10381,Flt_42268,0
Crew_10381,Flt_42386,0
Crew_10385,Flt_38252,0
Crew_10385,Flt_38823,0
Crew_10385,Flt_39137,0
Crew_10385,Flt_39279,0
Crew_10385,Flt_39750,0
Crew_10385,Flt_39882,0
Crew_10385,Flt_40121,0
Crew_10385,Flt_41933,0
Crew_10385,Flt_42176,0
Crew_10387,Flt_37739,0
Crew_10387,Flt_37919,0
Crew_10387,Flt_38026,0
Crew_10387,Flt_38652,0
Crew_10387,Flt_38906,0
Crew_10387,Flt_39341,0
Crew_10387,Flt_39496,0
Crew_10387,Flt_39851,0
Crew_10387,Flt_40039,0
Crew_10387,Flt_42016,0
Crew_10387,Flt_42143,0
Crew_10389,Flt_38413,0
Crew_10389,Flt_39859,0
Crew_10389,Flt_40708,0
Crew_10389,Flt_40937,0
Crew_10389,Flt_41059,0
Crew_10390,Flt_37939,0
Crew_10390,Flt_38294,0
Crew_10390,Flt_38826,0
Crew_10390,Flt_38944,0
Crew_10390,Flt_39240,0
Crew_10390,Flt_39518,0
Crew_10390,Flt_41324,0
Crew_10390,Flt_41590,0
Crew_10390,ddh_10379,1
Crew_10390,ddh_10772,1
Crew_10390,Flt_42392,0
Crew_10392,Flt_38467,0
Crew_10392,Flt_38613,0
Crew_10392,Flt_39288,0
Crew_10392,Flt_39397,0
Crew_10392,Flt_39821,0
Crew_10392,Flt_40068,0
Crew_10392,Flt_40645,0
Crew_10392,Flt_40845,0
Crew_10392,Flt_41012,0
Crew_10395,Flt_37797,0
Crew_10395,Flt_38103,0
Crew_10395,Flt_38521,0
Crew_10395,Flt_38809,0
Crew_10395,Flt_39529,0
Crew_10395,Flt_41139,0
Crew_10395,Flt_41296,0
Crew_10395,Flt_41518,0
Crew_10395,Flt_41923,0
Crew_10399,Flt_39813,0
Crew_10399,Flt_40571,0
Crew_10399,Flt_40806,0
Crew_10399,Flt_41125,0
Crew_10399,Flt_41295,0
Crew_10399,Flt_41442,0
Crew_10399,Flt_42000,0
Crew_10399,Flt_42105,0
Crew_10400,Flt_38508,0
Crew_10400,Flt_39693,0
Crew_10400,Flt_40379,0
Crew_10400,Flt_40841,0
Crew_10400,Flt_41017,0
Crew_10403,Flt_38008,0
Crew_10403,Flt_38250,0
Crew_10403,Flt_38938,0
Crew_10403,Flt_39347,0
Crew_10403,Flt_39565,0
Crew_10403,Flt_41132,0
Crew_10403,Flt_41487,0
Crew_10403,Flt_41860,0
Crew_10403,Flt_41984,0
Crew_10403,Flt_42220,0
Crew_10404,Flt_37773,0
Crew_10404,Flt_37958,0
Crew_10404,Flt_38460,0
Crew_10404,Flt_39325,0
Crew_10404,Flt_39822,0
Crew_10404,Flt_41987,0
Crew_10404,Flt_42149,0
Crew_10408,Flt_37803,0
Crew_10408,Flt_37961,0
Crew_10408,Flt_38457,0
Crew_10408,Flt_38576,0
Crew_10408,Flt_38793,0
Crew_10408,Flt_39354,0
Crew_10408,Flt_39513,0
Crew_10408,Flt_40000,0
Crew_10408,Flt_40239,0
Crew_10408,Flt_40363,0
Crew_10408,Flt_42039,0
Crew_10408,Flt_42357,0
Crew_10410,Flt_37708,0
Crew_10410,Flt_38003,0
Crew_10410,Flt_38640,0
Crew_10410,Flt_38871,0
Crew_10410,Flt_39006,0
Crew_10410,Flt_39352,0
Crew_10410,Flt_39663,0
Crew_10410,Flt_40128,0
Crew_10410,Flt_41832,0
Crew_10410,Flt_42168,0
Crew_10413,Flt_37807,0
Crew_10413,Flt_37971,0
Crew_10413,Flt_38458,0
Crew_10413,Flt_38575,0
Crew_10413,Flt_38799,0
Crew_10413,Flt_39338,0
Crew_10413,Flt_39591,0
Crew_10413,Flt_39704,0
Crew_10413,Flt_40001,0
Crew_10413,Flt_42260,0
Crew_10416,Flt_39835,0
Crew_10416,Flt_40654,0
Crew_10416,Flt_40800,0
Crew_10416,Flt_41664,0
Crew_10416,Flt_42098,0
Crew_10416,Flt_42206,0
Crew_10416,Flt_42417,0
Crew_10418,Flt_38074,0
Crew_10418,Flt_38526,0
Crew_10418,Flt_39622,0
Crew_10418,Flt_40025,0
Crew_10418,Flt_40137,0
Crew_10418,Flt_40292,0
Crew_10418,Flt_41946,0
Crew_10418,Flt_42213,0
Crew_10418,Flt_42315,0
Crew_10422,Flt_37828,0
Crew_10422,Flt_38390,0
Crew_10422,Flt_38499,0
Crew_10422,Flt_38691,0
Crew_10422,Flt_39486,0
Crew_10422,Flt_39698,0
Crew_10422,Flt_39995,0
Crew_10422,Flt_40186,0
Crew_10422,Flt_40342,0
Crew_10422,Flt_41943,0
Crew_10422,Flt_42254,0
Crew_10423,Flt_38470,0
Crew_10423,Flt_38594,0
Crew_10423,Flt_39166,0
Crew_10423,Flt_39492,0
Crew_10423,Flt_39840,0
Crew_10423,Flt_40226,0
Crew_10423,Flt_40528,0
Crew_10423,Flt_40704,0
Crew_10423,Flt_40887,0
Crew_10427,Flt_37790,0
Crew_10427,Flt_37953,0
Crew_10427,Flt_38395,0
Crew_10427,Flt_38527,0
Crew_10427,Flt_38758,0
Crew_10427,Flt_39096,0
Crew_10427,Flt_39238,0
Crew_10427,Flt_41464,0
Crew_10427,Flt_41604,0
Crew_10427,Flt_41749,0
Crew_10430,Flt_37712,0
Crew_10430,Flt_38097,0
Crew_10430,Flt_38422,0
Crew_10430,Flt_38629,0
Crew_10430,Flt_39098,0
Crew_10430,Flt_39423,0
Crew_10430,Flt_39919,0
Crew_10430,Flt_40108,0
Crew_10430,Flt_42040,0
Crew_10430,Flt_42376,0
Crew_10431,Flt_40420,0
Crew_10431,Flt_40454,0
Crew_10431,Flt_41357,0
Crew_10431,Flt_41598,0
Crew_10431,ddh_10375,1
Crew_10431,Flt_42353,0
Crew_10432,Flt_40906,0
Crew_10432,Flt_41047,0
Crew_10432,Flt_41574,0
Crew_10432,Flt_41724,0
Crew_10432,Flt_42129,0
Crew_10435,Flt_37735,0
Crew_10435,Flt_37995,0
Crew_10435,Flt_38462,0
Crew_10435,Flt_38592,0
Crew_10435,Flt_38835,0
Crew_10435,Flt_39290,0
Crew_10435,Flt_39606,0
Crew_10435,Flt_40107,0
Crew_10435,Flt_40261,0
Crew_10435,Flt_41874,0
Crew_10435,Flt_42026,0
Crew_10436,Flt_37696,0
Crew_10436,Flt_37830,0
Crew_10436,Flt_38068,0
Crew_10436,Flt_38515,0
Crew_10436,Flt_38748,0
Crew_10436,Flt_39604,0
Crew_10436,Flt_39938,0
Crew_10436,Flt_40243,0
Crew_10436,Flt_41855,0
Crew_10436,Flt_42031,0
Crew_10439,Flt_37862,0
Crew_10439,Flt_37999,0
Crew_10439,Flt_38134,0
Crew_10439,Flt_38922,0
Crew_10439,Flt_39243,0
Crew_10439,Flt_39557,0
Crew_10439,Flt_39914,0
Crew_10439,Flt_40280,0
Crew_10439,Flt_41906,0
Crew_10439,Flt_42027,0
Crew_10442,Flt_40933,0
Crew_10442,Flt_41086,0
Crew_10442,Flt_41517,0
Crew_10442,Flt_41672,0
Crew_10443,Flt_39583,0
Crew_10443,Flt_40674,0
Crew_10443,Flt_40837,0
Crew_10443,Flt_40973,0
Crew_10443,Flt_41251,0
Crew_10443,Flt_41481,0
Crew_10445,Flt_37701,0
Crew_10445,Flt_37990,0
Crew_10445,Flt_38117,0
Crew_10445,Flt_38678,0
Crew_10445,Flt_38914,0
Crew_10445,Flt_39042,0
Crew_10445,Flt_39458,0
Crew_10445,Flt_39613,0
Crew_10445,Flt_40346,0
Crew_10445,Flt_41920,0
Crew_10448,Flt_37851,0
Crew_10448,Flt_38254,0
Crew_10448,Flt_39175,0
Crew_10448,Flt_39435,0
Crew_10448,Flt_41328,0
Crew_10448,Flt_41558,0
Crew_10448,Flt_41688,0
Crew_10448,Flt_42081,0
Crew_10448,Flt_42291,0
Crew_10448,Flt_42405,0
Crew_10451,Flt_37804,0
Crew_10451,Flt_37965,0
Crew_10451,Flt_38089,0
Crew_10451,Flt_38651,0
Crew_10451,Flt_38869,0
Crew_10451,Flt_40884,0
Crew_10451,Flt_40992,0
Crew_10451,Flt_41080,0
Crew_10451,Flt_41354,0
Crew_10451,Flt_41493,0
Crew_10451,Flt_41737,0
Crew_10451,Flt_42183,0
Crew_10452,Flt_37808,0
Crew_10452,Flt_37899,0
Crew_10452,Flt_39171,0
Crew_10452,Flt_41325,0
Crew_10452,Flt_41501,0
Crew_10452,Flt_41587,0
Crew_10452,Flt_41971,0
Crew_10452,Flt_42153,0
Crew_10453,Flt_37711,0
Crew_10453,Flt_37829,0
Crew_10453,Flt_38031,0
Crew_10453,Flt_38148,0
Crew_10453,Flt_38506,0
Crew_10453,Flt_38637,0
Crew_10453,Flt_38891,0
Crew_10453,Flt_39586,0
Crew_10453,Flt_39920,0
Crew_10453,Flt_40092,0
Crew_10453,ddh_11629,1
Crew_10453,Flt_42255,0
Crew_10453,Flt_42395,0
Crew_10455,Flt_38301,0
Crew_10455,Flt_39917,0
Crew_10455,Flt_40149,0
Crew_10455,Flt_40279,0
Crew_10455,Flt_41808,0
Crew_10455,Flt_41916,0
Crew_10455,Flt_42115,0
Crew_10455,Flt_42221,0
Crew_10456,Flt_40113,0
Crew_10456,Flt_40238,0
Crew_10456,Flt_40550,0
Crew_10456,Flt_41636,0
Crew_10456,Flt_42074,0
Crew_10456,Flt_42230,0
Crew_10460,Flt_38909,0
Crew_10460,Flt_39002,0
Crew_10460,Flt_39861,0
Crew_10460,Flt_39952,0
Crew_10460,Flt_40130,0
Crew_10460,Flt_40216,0
Crew_10460,Flt_40471,0
Crew_10460,Flt_40641,0
Crew_10460,Flt_40808,0
Crew_10461,Flt_39197,0
Crew_10461,Flt_39382,0
Crew_10461,Flt_39855,0
Crew_10461,Flt_40698,0
Crew_10461,Flt_40900,0
Crew_10461,Flt_41019,0
Crew_10461,Flt_41337,0
Crew_10461,Flt_41680,0
Crew_10462,Flt_38059,0
Crew_10462,Flt_38210,0
Crew_10462,Flt_38535,0
Crew_10462,Flt_38658,0
Crew_10462,Flt_38837,0
Crew_10462,Flt_39481,0
Crew_10462,Flt_39702,0
Crew_10462,Flt_40042,0
Crew_10462,Flt_40175,0
Crew_10462,Flt_41825,0
Crew_10462,Flt_42249,0
Crew_10464,Flt_37866,0
Crew_10464,Flt_38037,0
Crew_10464,Flt_38432,0
Crew_10464,Flt_38708,0
Crew_10464,Flt_39132,0
Crew_10464,Flt_39434,0
Crew_10464,Flt_39753,0
Crew_10464,Flt_40080,0
Crew_10464,Flt_42150,0
Crew_10464,Flt_42397,0
Crew_10466,Flt_37893,0
Crew_10466,Flt_38241,0
Crew_10466,Flt_38627,0
Crew_10466,Flt_38926,0
Crew_10466,Flt_39253,0
Crew_10466,Flt_39479,0
Crew_10466,Flt_41424,0
Crew_10466,Flt_41595,0
Crew_10466,Flt_41719,0
Crew_10466,Flt_42033,0
Crew_10467,Flt_39804,0
Crew_10467,Flt_40637,0
Crew_10467,Flt_40882,0
Crew_10467,Flt_41695,0
Crew_10467,Flt_42052,0
Crew_10468,Flt_37740,0
Crew_10468,Flt_37894,0
Crew_10468,Flt_38040,0
Crew_10468,Flt_38697,0
Crew_10468,Flt_38836,0
Crew_10468,Flt_38993,0
Crew_10468,Flt_39344,0
Crew_10468,Flt_39777,0
Crew_10468,Flt_40119,0
Crew_10468,Flt_42202,0
Crew_10469,Flt_39802,0
Crew_10469,Flt_39891,0
Crew_10469,Flt_40436,0
Crew_10469,Flt_40754,0
Crew_10469,Flt_41437,0
Crew_10469,Flt_41739,0
Crew_10469,Flt_41999,0
Crew_10469,Flt_42112,0
Crew_10469,Flt_42201,0
Crew_10472,Flt_37744,0
Crew_10472,Flt_37861,0
Crew_10472,Flt_38001,0
Crew_10472,Flt_38744,0
Crew_10472,Flt_38962,0
Crew_10472,Flt_39046,0
Crew_10472,Flt_39389,0
Crew_10472,Flt_39852,0
Crew_10472,Flt_40019,0
Crew_10472,Flt_42317,0
Crew_10474,Flt_40307,0
Crew_10474,Flt_40403,0
Crew_10474,Flt_40671,0
Crew_10474,Flt_40817,0
Crew_10474,Flt_40982,0
Crew_10474,Flt_41401,0
Crew_10474,Flt_41560,0
Crew_10474,Flt_41890,0
Crew_10475,Flt_38923,0
Crew_10475,Flt_39247,0
Crew_10475,Flt_39620,0
Crew_10475,Flt_40406,0
Crew_10475,Flt_40440,0
Crew_10475,Flt_41052,0
Crew_10477,Flt_40522,0
Crew_10477,ddh_10299,1
Crew_10477,ddh_11931,1
Crew_10477,ddh_11211,1
Crew_10477,Flt_41939,0
Crew_10477,Flt_42055,0
Crew_10478,Flt_38238,0
Crew_10478,Flt_38347,0
Crew_10478,Flt_38693,0
Crew_10478,Flt_38812,0
Crew_10478,Flt_39121,0
Crew_10478,Flt_39225,0
Crew_10478,Flt_39453,0
Crew_10478,Flt_39779,0
Crew_10478,Flt_40063,0
Crew_10478,Flt_41960,0
Crew_10478,Flt_42246,0
Crew_10479,Flt_38006,0
Crew_10479,Flt_38115,0
Crew_10479,Flt_38306,0
Crew_10479,Flt_38631,0
Crew_10479,Flt_38839,0
Crew_10479,Flt_39001,0
Crew_10479,Flt_39383,0
Crew_10479,Flt_39507,0
Crew_10479,Flt_39643,0
Crew_10479,Flt_41117,0
Crew_10479,Flt_41781,0
Crew_10480,Flt_37840,0
Crew_10480,Flt_37954,0
Crew_10480,Flt_38401,0
Crew_10480,Flt_38781,0
Crew_10480,Flt_39142,0
Crew_10480,Flt_39280,0
Crew_10480,Flt_39516,0
Crew_10480,Flt_40024,0
Crew_10480,Flt_40290,0
Crew_10480,Flt_40389,0
Crew_10480,Flt_41930,0
Crew_10480,Flt_42038,0
Crew_10480,Flt_42141,0
Crew_10483,Flt_37755,0
Crew_10483,Flt_38568,0
Crew_10483,Flt_38715,0
Crew_10483,Flt_39631,0
Crew_10483,Flt_40032,0
Crew_10483,Flt_40182,0
Crew_10483,Flt_40367,0
Crew_10483,Flt_41797,0
Crew_10483,Flt_41796,0
Crew_10484,Flt_39867,0
Crew_10484,Flt_40656,0
Crew_10484,Flt_40810,0
Crew_10484,Flt_40940,0
Crew_10484,Flt_41468,0
Crew_10484,Flt_41642,0
Crew_10484,Flt_42056,0
Crew_10484,Flt_42269,0
Crew_10485,Flt_39111,0
Crew_10485,Flt_39719,0
Crew_10485,Flt_39831,0
Crew_10485,Flt_40405,0
Crew_10485,Flt_40785,0
Crew_10485,Flt_41013,0
Crew_10485,Flt_41321,0
Crew_10485,Flt_41567,0
Crew_10490,Flt_37988,0
Crew_10490,Flt_38363,0
Crew_10490,Flt_38702,0
Crew_10490,Flt_38825,0
Crew_10490,Flt_39097,0
Crew_10490,Flt_39418,0
Crew_10490,Flt_40324,0
Crew_10490,Flt_41974,0
Crew_10490,Flt_42100,0
Crew_10490,Flt_42319,0
Crew_10491,Flt_37814,0
Crew_10491,Flt_37921,0
Crew_10491,Flt_38034,0
Crew_10491,Flt_38144,0
Crew_10491,Flt_38452,0
Crew_10491,Flt_38775,0
Crew_10491,Flt_40577,0
Crew_10491,Flt_40727,0
Crew_10491,Flt_40883,0
Crew_10491,Flt_41201,0
Crew_10491,Flt_41335,0
Crew_10491,Flt_41579,0
Crew_10493,Flt_37766,0
Crew_10493,Flt_38172,0
Crew_10493,Flt_38573,0
Crew_10493,Flt_39079,0
Crew_10493,Flt_39235,0
Crew_10493,Flt_39760,0
Crew_10493,Flt_40050,0
Crew_10493,Flt_41872,0
Crew_10493,Flt_41992,0
Crew_10493,Flt_42215,0
Crew_10494,Flt_39969,0
Crew_10494,Flt_40450,0
Crew_10494,Flt_40694,0
Crew_10494,Flt_41345,0
Crew_10494,Flt_41578,0
Crew_10494,Flt_42287,0
Crew_10494,Flt_42421,0
Crew_10496,Flt_38522,0
Crew_10496,Flt_38728,0
Crew_10496,Flt_38856,0
Crew_10496,Flt_39127,0
Crew_10496,Flt_39498,0
Crew_10496,Flt_40340,0
Crew_10496,Flt_40688,0
Crew_10496,Flt_40890,0
Crew_10496,Flt_41018,0
Crew_10497,Flt_38179,0
Crew_10497,Flt_39164,0
Crew_10497,Flt_41386,0
Crew_10497,Flt_41657,0
Crew_10497,Flt_42177,0
Crew_10497,Flt_42407,0
Crew_10498,Flt_37732,0
Crew_10498,Flt_37996,0
Crew_10498,Flt_38386,0
Crew_10498,Flt_39298,0
Crew_10498,Flt_39454,0
Crew_10498,Flt_39570,0
Crew_10498,Flt_39854,0
Crew_10498,Flt_40016,0
Crew_10498,Flt_41954,0
Crew_10498,Flt_42304,0
Crew_10499,Flt_37787,0
Crew_10499,Flt_37947,0
Crew_10499,Flt_38187,0
Crew_10499,Flt_38625,0
Crew_10499,Flt_38761,0
Crew_10499,Flt_38881,0
Crew_10499,Flt_39308,0
Crew_10499,Flt_39558,0
Crew_10499,Flt_40385,0
Crew_10499,Flt_41979,0
Crew_10499,Flt_42120,0
Crew_10499,Flt_42258,0
Crew_10500,Flt_38192,0
Crew_10500,Flt_38333,0
Crew_10500,Flt_38648,0
Crew_10500,Flt_38766,0
Crew_10500,Flt_39033,0
Crew_10500,Flt_39412,0
Crew_10500,Flt_39646,0
Crew_10500,Flt_41122,0
Crew_10500,Flt_41343,0
Crew_10500,Flt_41484,0
Crew_10500,Flt_41976,0
Crew_10500,Flt_42363,0
Crew_10501,Flt_39277,0
Crew_10501,Flt_39818,0
Crew_10501,Flt_40183,0
Crew_10501,Flt_40499,0
Crew_10501,Flt_40586,0
Crew_10501,Flt_40732,0
Crew_10501,Flt_41158,0
Crew_10501,Flt_41482,0
Crew_10502,Flt_38416,0
Crew_10502,Flt_39567,0
Crew_10502,Flt_40305,0
Crew_10502,Flt_40664,0
Crew_10502,Flt_40787,0
Crew_10502,Flt_40961,0
Crew_10502,Flt_41070,0
Crew_10503,Flt_40495,0
Crew_10503,Flt_40865,0
Crew_10503,Flt_41176,0
Crew_10503,Flt_41303,0
Crew_10503,Flt_41510,0
Crew_10503,Flt_41829,0
Crew_10504,Flt_40439,0
Crew_10504,Flt_41791,0
Crew_10504,Flt_41907,0
Crew_10505,Flt_37786,0
Crew_10505,Flt_38139,0
Crew_10505,Flt_38424,0
Crew_10505,Flt_38591,0
Crew_10505,Flt_38824,0
Crew_10505,Flt_39152,0
Crew_10505,Flt_39386,0
Crew_10505,Flt_39528,0
Crew_10505,Flt_39824,0
Crew_10505,Flt_39943,0
Crew_10505,Flt_40167,0
Crew_10505,Flt_42355,0
Crew_10509,Flt_37694,0
Crew_10509,Flt_38359,0
Crew_10509,Flt_38383,0
Crew_10509,Flt_39039,0
Crew_10509,Flt_39090,0
Crew_10509,Flt_39718,0
Crew_10509,Flt_40181,0
Crew_10509,Flt_40314,0
Crew_10509,Flt_41888,0
Crew_10509,Flt_42110,0
Crew_10509,Flt_42216,0
Crew_10512,Flt_38131,0
Crew_10512,Flt_38272,0
Crew_10512,Flt_38365,0
Crew_10512,Flt_38686,0
Crew_10512,Flt_38874,0
Crew_10512,Flt_39015,0
Crew_10512,Flt_39428,0
Crew_10512,Flt_40291,0
Crew_10512,Flt_41863,0
Crew_10512,Flt_42125,0
Crew_10512,Flt_42276,0
Crew_10513,Flt_39076,0
Crew_10513,Flt_39447,0
Crew_10513,Flt_39766,0
Crew_10513,Flt_39915,0
Crew_10513,Flt_40448,0
Crew_10513,Flt_40574,0
Crew_10513,Flt_40843,0
Crew_10513,Flt_41159,0
Crew_10513,Flt_41329,0
Crew_10513,Flt_41577,0
Crew_10514,Flt_39463,0
Crew_10514,Flt_41109,0
Crew_10514,Flt_41227,0
Crew_10516,Flt_38174,0
Crew_10516,Flt_38357,0
Crew_10516,Flt_38672,0
Crew_10516,Flt_39044,0
Crew_10516,Flt_39405,0
Crew_10516,Flt_39645,0
Crew_10516,Flt_41150,0
Crew_10516,Flt_41871,0
Crew_10516,Flt_42117,0
Crew_10516,Flt_42232,0
Crew_10521,Flt_37767,0
Crew_10521,Flt_38015,0
Crew_10521,Flt_38588,0
Crew_10521,Flt_38790,0
Crew_10521,Flt_39301,0
Crew_10521,Flt_39473,0
Crew_10521,Flt_39988,0
Crew_10521,Flt_40160,0
Crew_10521,Flt_42337,0
Crew_10523,Flt_37754,0
Crew_10523,Flt_38519,0
Crew_10523,Flt_38741,0
Crew_10523,Flt_39139,0
Crew_10523,Flt_41305,0
Crew_10523,Flt_41407,0
Crew_10523,Flt_41527,0
Crew_10523,Flt_41633,0
Crew_10524,Flt_38158,0
Crew_10524,Flt_38325,0
Crew_10524,Flt_38663,0
Crew_10524,Flt_38955,0
Crew_10524,Flt_39334,0
Crew_10524,Flt_39451,0
Crew_10524,Flt_39676,0
Crew_10524,Flt_39972,0
Crew_10524,Flt_40112,0
Crew_10524,Flt_40329,0
Crew_10524,Flt_41901,0
Crew_10524,Flt_42262,0
Crew_10525,Flt_38564,0
Crew_10525,Flt_38862,0
Crew_10525,Flt_39180,0
Crew_10525,Flt_39976,0
Crew_10525,Flt_40206,0
Crew_10525,Flt_40336,0
Crew_10525,Flt_40650,0
Crew_10525,Flt_40775,0
Crew_10525,Flt_41015,0
Crew_10526,Flt_39170,0
Crew_10526,Flt_40320,0
Crew_10526,Flt_40621,0
Crew_10526,Flt_40955,0
Crew_10526,Flt_41297,0
Crew_10526,Flt_41416,0
Crew_10526,Flt_41667,0
Crew_10528,Flt_37795,0
Crew_10528,Flt_38075,0
Crew_10528,Flt_38490,0
Crew_10528,Flt_38751,0
Crew_10528,Flt_39201,0
Crew_10528,Flt_39380,0
Crew_10528,Flt_39545,0
Crew_10528,Flt_39879,0
Crew_10528,Flt_40180,0
Crew_10528,Flt_42132,0
Crew_10531,Flt_38332,0
Crew_10531,Flt_38684,0
Crew_10531,Flt_38915,0
Crew_10531,Flt_39031,0
Crew_10531,Flt_39373,0
Crew_10531,Flt_39487,0
Crew_10531,Flt_39681,0
Crew_10531,Flt_39739,0
Crew_10531,Flt_40166,0
Crew_10531,Flt_40258,0
Crew_10531,Flt_40365,0
Crew_10531,Flt_41915,0
Crew_10534,Flt_39869,0
Crew_10534,Flt_40707,0
Crew_10534,Flt_40971,0
Crew_10534,Flt_41076,0
Crew_10534,Flt_41395,0
Crew_10534,Flt_41548,0
Crew_10534,Flt_41891,0
Crew_10535,Flt_38122,0
Crew_10535,Flt_38307,0
Crew_10535,Flt_38917,0
Crew_10535,Flt_39022,0
Crew_10535,Flt_39723,0
Crew_10535,Flt_39749,0
Crew_10535,ddh_10210,1
Crew_10535,Flt_42194,0
Crew_10535,Flt_42362,0
Crew_10536,Flt_39163,0
Crew_10536,Flt_39287,0
Crew_10536,Flt_39849,0
Crew_10536,Flt_39996,0
Crew_10536,Flt_40437,0
Crew_10536,Flt_40599,0
Crew_10536,Flt_41123,0
Crew_10536,Flt_41307,0
Crew_10536,Flt_41543,0
Crew_10538,Flt_39602,0
Crew_10538,Flt_39696,0
Crew_10538,Flt_40102,0
Crew_10538,Flt_41273,0
Crew_10538,Flt_41586,0
Crew_10539,Flt_37715,0
Crew_10539,Flt_39230,0
Crew_10539,Flt_39758,0
Crew_10539,Flt_40010,0
Crew_10539,Flt_42328,0
Crew_10540,Flt_37752,0
Crew_10540,Flt_37880,0
Crew_10540,Flt_38010,0
Crew_10540,Flt_38478,0
Crew_10540,Flt_38719,0
Crew_10540,Flt_39324,0
Crew_10540,Flt_39575,0
Crew_10540,Flt_41112,0
Crew_10540,Flt_41208,0
Crew_10540,Flt_42095,0
Crew_10540,Flt_42383,0
Crew_10543,Flt_37695,0
Crew_10543,Flt_37860,0
Crew_10543,Flt_38418,0
Crew_10543,Flt_38742,0
Crew_10543,Flt_39293,0
Crew_10543,Flt_39642,0
Crew_10543,Flt_39997,0
Crew_10543,Flt_40247,0
Crew_10543,Flt_41875,0
Crew_10543,Flt_42165,0
Crew_10544,Flt_38473,0
Crew_10544,Flt_39321,0
Crew_10544,Flt_39975,0
Crew_10544,Flt_40467,0
Crew_10544,Flt_40636,0
Crew_10544,Flt_40807,0
Crew_10545,Flt_37818,0
Crew_10545,Flt_37944,0
Crew_10545,Flt_38053,0
Crew_10545,Flt_38757,0
Crew_10545,Flt_38885,0
Crew_10545,Flt_39357,0
Crew_10545,Flt_39664,0
Crew_10545,Flt_41963,0
Crew_10545,Flt_42156,0
Crew_10547,Flt_38602,0
Crew_10547,Flt_38953,0
Crew_10547,Flt_39286,0
Crew_10547,Flt_39785,0
Crew_10547,Flt_40609,0
Crew_10547,Flt_40780,0
Crew_10547,Flt_40918,0
Crew_10550,Flt_37848,0
Crew_10550,Flt_37974,0
Crew_10550,Flt_38209,0
Crew_10550,Flt_38784,0
Crew_10550,Flt_38942,0
Crew_10550,Flt_39387,0
Crew_10550,Flt_39660,0
Crew_10550,Flt_40310,0
Crew_10550,Flt_41896,0
Crew_10550,Flt_42182,0
Crew_10554,Flt_38200,0
Crew_10554,Flt_38326,0
Crew_10554,Flt_38665,0
Crew_10554,Flt_39161,0
Crew_10554,Flt_39511,0
Crew_10554,Flt_39819,0
Crew_10554,Flt_40056,0
Crew_10554,Flt_40154,0
Crew_10554,Flt_41898,0
Crew_10554,Flt_42051,0
Crew_10554,Flt_42199,0
Crew_10555,Flt_39892,0
Crew_10555,Flt_40718,0
Crew_10555,Flt_40985,0
Crew_10555,Flt_41410,0
Crew_10555,Flt_41634,0
Crew_10555,Flt_41778,0
Crew_10555,Flt_42382,0
Crew_10556,Flt_38066,0
Crew_10556,Flt_38224,0
Crew_10556,Flt_38571,0
Crew_10556,Flt_39125,0
Crew_10556,Flt_39425,0
Crew_10556,Flt_40308,0
Crew_10556,Flt_41803,0
Crew_10556,Flt_42192,0
Crew_10558,Flt_37714,0
Crew_10558,Flt_37858,0
Crew_10558,Flt_38016,0
Crew_10558,Flt_38524,0
Crew_10558,Flt_38745,0
Crew_10558,Flt_39626,0
Crew_10558,Flt_39982,0
Crew_10558,Flt_40101,0
Crew_10558,Flt_40333,0
Crew_10558,Flt_42092,0
Crew_10559,Flt_37730,0
Crew_10559,Flt_38055,0
Crew_10559,Flt_38701,0
Crew_10559,Flt_38998,0
Crew_10559,Flt_39456,0
Crew_10559,Flt_39572,0
Crew_10559,Flt_40088,0
Crew_10559,Flt_40281,0
Crew_10559,Flt_41867,0
Crew_10559,Flt_42151,0
Crew_10561,Flt_37983,0
Crew_10561,Flt_38120,0
Crew_10561,Flt_38310,0
Crew_10561,Flt_38370,0
Crew_10561,Flt_38772,0
Crew_10561,Flt_38886,0
Crew_10561,Flt_39048,0
Crew_10561,Flt_39476,0
Crew_10561,Flt_39625,0
Crew_10561,Flt_41133,0
Crew_10561,Flt_41264,0
Crew_10561,Flt_41526,0
Crew_10561,ddh_10961,1
Crew_10561,ddh_11982,1
Crew_10561,Flt_42325,0
Crew_10563,Flt_40476,0
Crew_10563,Flt_40736,0
Crew_10563,Flt_41177,0
Crew_10563,Flt_41336,0
Crew_10563,Flt_41858,0
Crew_10563,Flt_42011,0
Crew_10564,Flt_38230,0
Crew_10564,Flt_38670,0
Crew_10564,Flt_38958,0
Crew_10564,Flt_39618,0
Crew_10564,Flt_40069,0
Crew_10564,Flt_40194,0
Crew_10564,Flt_40311,0
Crew_10564,Flt_41910,0
Crew_10564,Flt_42155,0
Crew_10566,Flt_40487,0
Crew_10566,Flt_40614,0
Crew_10566,Flt_40868,0
Crew_10566,Flt_41693,0
Crew_10566,Flt_41786,0
Crew_10567,Flt_39834,0
Crew_10567,Flt_40617,0
Crew_10567,Flt_40784,0
Crew_10567,Flt_41760,0
Crew_10567,Flt_41830,0
Crew_10568,Flt_38162,0
Crew_10568,Flt_38338,0
Crew_10568,Flt_38771,0
Crew_10568,Flt_38941,0
Crew_10568,Flt_39400,0
Crew_10568,Flt_39542,0
Crew_10568,Flt_39868,0
Crew_10568,Flt_39984,0
Crew_10568,Flt_40083,0
Crew_10568,Flt_40220,0
Crew_10568,Flt_42330,0
Crew_10570,Flt_37815,0
Crew_10570,Flt_37930,0
Crew_10570,Flt_38030,0
Crew_10570,Flt_38167,0
Crew_10570,Flt_38465,0
Crew_10570,Flt_38687,0
Crew_10570,Flt_38818,0
Crew_10570,Flt_39255,0
Crew_10570,Flt_39484,0
Crew_10570,Flt_39627,0
Crew_10570,Flt_41140,0
Crew_10570,Flt_41480,0
Crew_10572,Flt_37761,0
Crew_10572,Flt_37871,0
Crew_10572,Flt_38077,0
Crew_10572,Flt_38164,0
Crew_10572,Flt_38489,0
Crew_10572,Flt_38820,0
Crew_10572,Flt_40588,0
Crew_10572,Flt_40722,0
Crew_10572,Flt_40936,0
Crew_10572,Flt_41368,0
Crew_10572,Flt_41709,0
Crew_10573,Flt_38528,0
Crew_10573,Flt_39863,0
Crew_10573,Flt_40064,0
Crew_10573,Flt_40447,0
Crew_10573,Flt_40597,0
Crew_10573,Flt_40760,0
Crew_10575,Flt_39114,0
Crew_10575,Flt_40236,0
Crew_10575,Flt_40368,0
Crew_10575,Flt_40872,0
Crew_10575,Flt_41072,0
Crew_10575,Flt_41497,0
Crew_10577,Flt_39843,0
Crew_10577,Flt_40690,0
Crew_10577,Flt_40894,0
Crew_10577,Flt_41525,0
Crew_10577,Flt_41754,0
Crew_10577,Flt_41794,0
Crew_10577,Flt_42411,0
Crew_10578,Flt_38778,0
Crew_10578,Flt_38980,0
Crew_10578,Flt_39916,0
Crew_10578,Flt_40193,0
Crew_10578,Flt_40525,0
Crew_10578,Flt_40696,0
Crew_10578,Flt_40840,0
Crew_10580,Flt_40594,0
Crew_10580,Flt_41426,0
Crew_10580,Flt_41559,0
Crew_10580,Flt_42390,0
Crew_10583,Flt_41028,0
Crew_10583,Flt_41681,0
Crew_10583,Flt_42116,0
Crew_10583,Flt_42225,0
Crew_10583,Flt_42408,0
Crew_10584,Flt_37976,0
Crew_10584,Flt_38872,0
Crew_10584,Flt_39274,0
Crew_10584,Flt_39402,0
Crew_10584,Flt_39665,0
Crew_10584,Flt_40040,0
Crew_10584,Flt_40269,0
Crew_10584,Flt_40396,0
Crew_10584,Flt_41929,0
Crew_10584,Flt_42060,0
Crew_10584,Flt_42321,0
Crew_10585,Flt_37698,0
Crew_10585,Flt_37827,0
Crew_10585,Flt_38051,0
Crew_10585,Flt_38660,0
Crew_10585,Flt_38907,0
Crew_10585,Flt_39024,0
Crew_10585,Flt_39339,0
Crew_10585,Flt_41612,0
Crew_10585,Flt_41985,0
Crew_10585,Flt_42295,0
Crew_10586,Flt_38029,0
Crew_10586,Flt_40105,0
Crew_10586,Flt_40407,0
Crew_10586,Flt_40881,0
Crew_10586,Flt_40996,0
Crew_10586,Flt_41097,0
Crew_10586,Flt_41457,0
Crew_10586,Flt_41752,0
Crew_10586,Flt_42093,0
Crew_10586,Flt_42251,0
Crew_10586,Flt_42399,0
Crew_10588,Flt_38050,0
Crew_10588,Flt_38273,0
Crew_10588,Flt_38645,0
Crew_10588,Flt_38876,0
Crew_10588,Flt_39501,0
Crew_10588,Flt_39941,0
Crew_10588,Flt_40124,0
Crew_10588,Flt_40272,0
Crew_10588,Flt_41809,0
Crew_10588,Flt_42406,0
Crew_10589,Flt_39194,0
Crew_10589,Flt_40767,0
Crew_10589,Flt_41046,0
Crew_10589,Flt_41108,0
Crew_10589,Flt_41469,0
Crew_10589,Flt_41639,0
Crew_10590,Flt_38546,0
Crew_10590,Flt_39655,0
Crew_10590,Flt_39764,0
Crew_10590,Flt_40364,0
Crew_10590,Flt_40659,0
Crew_10590,Flt_40879,0
Crew_10590,Flt_41011,0
Crew_10591,Flt_39897,0
Crew_10591,Flt_40462,0
Crew_10591,Flt_40651,0
Crew_10591,Flt_41186,0
Crew_10591,Flt_41275,0
Crew_10591,Flt_41417,0
Crew_10591,Flt_41554,0
Crew_10591,Flt_41819,0
Crew_10591,Flt_41959,0
Crew_10591,Flt_42083,0
Crew_10593,Flt_40443,0
Crew_10593,Flt_41697,0
Crew_10593,Flt_42336,0
Crew_10593,Flt_42422,0
Crew_10594,Flt_40555,0
Crew_10594,Flt_41154,0
Crew_10594,Flt_41454,0
Crew_10594,Flt_41873,0
Crew_10594,Flt_42025,0
Crew_10597,Flt_37809,0
Crew_10597,Flt_37984,0
Crew_10597,Flt_38494,0
Crew_10597,Flt_38810,0
Crew_10597,Flt_39148,0
Crew_10597,Flt_39968,0
Crew_10597,Flt_40344,0
Crew_10597,Flt_41827,0
Crew_10598,Flt_37697,0
Crew_10598,Flt_37865,0
Crew_10598,Flt_38420,0
Crew_10598,Flt_38668,0
Crew_10598,Flt_39101,0
Crew_10598,Flt_39258,0
Crew_10598,Flt_39761,0
Crew_10598,Flt_39909,0
Crew_10598,Flt_41831,0
Crew_10598,Flt_42131,0
Crew_10600,Flt_37750,0
Crew_10600,Flt_37913,0
Crew_10600,Flt_38023,0
Crew_10600,Flt_38667,0
Crew_10600,Flt_39485,0
Crew_10600,Flt_39649,0
Crew_10600,Flt_40171,0
Crew_10600,Flt_42017,0
Crew_10600,Flt_42130,0
Crew_10602,Flt_37725,0
Crew_10602,Flt_38488,0
Crew_10602,Flt_38647,0
Crew_10602,Flt_39075,0
Crew_10602,Flt_40002,0
Crew_10602,Flt_40158,0
Crew_10602,Flt_42053,0
Crew_10602,Flt_42293,0
Crew_10602,Flt_42413,0
Crew_10603,Flt_40516,0
Crew_10603,Flt_40859,0
Crew_10603,Flt_41143,0
Crew_10603,Flt_41421,0
Crew_10603,Flt_41908,0
Crew_10603,Flt_42012,0
Crew_10603,Flt_42211,0
Crew_10605,Flt_37738,0
Crew_10605,Flt_37932,0
Crew_10605,Flt_38057,0
Crew_10605,Flt_38537,0
Crew_10605,Flt_38779,0
Crew_10605,Flt_39211,0
Crew_10605,Flt_39521,0
Crew_10605,Flt_39999,0
Crew_10605,Flt_40259,0
Crew_10605,Flt_41795,0
Crew_10607,Flt_37781,0
Crew_10607,Flt_37917,0
Crew_10607,Flt_38143,0
Crew_10607,Flt_38729,0
Crew_10607,Flt_38865,0
Crew_10607,Flt_39009,0
Crew_10607,Flt_39468,0
Crew_10607,Flt_39650,0
Crew_10607,Flt_40277,0
Crew_10607,Flt_41975,0
Crew_10609,Flt_37844,0
Crew_10609,Flt_38207,0
Crew_10609,Flt_39037,0
Crew_10609,Flt_39104,0
Crew_10609,Flt_41215,0
Crew_10609,Flt_41444,0
Crew_10609,Flt_41530,0
Crew_10609,Flt_42157,0
Crew_10609,Flt_42345,0
Crew_10610,Flt_38119,0
Crew_10610,Flt_38285,0
Crew_10610,Flt_38803,0
Crew_10610,Flt_39327,0
Crew_10610,Flt_39884,0
Crew_10611,Flt_39176,0
Crew_10611,Flt_39974,0
Crew_10611,Flt_40250,0
Crew_10611,Flt_40351,0
Crew_10611,Flt_40761,0
Crew_10611,Flt_41027,0
Crew_10611,Flt_41445,0
Crew_10611,Flt_41698,0
Crew_10612,Flt_37839,0
Crew_10612,Flt_38247,0
Crew_10612,Flt_38622,0
Crew_10612,Flt_38783,0
Crew_10612,Flt_39284,0
Crew_10612,Flt_39607,0
Crew_10612,Flt_41252,0
Crew_10612,Flt_41453,0
Crew_10614,Flt_39769,0
Crew_10614,Flt_41780,0
Crew_10614,Flt_42348,0
Crew_10615,Flt_37900,0
Crew_10615,Flt_38692,0
Crew_10615,Flt_38805,0
Crew_10615,Flt_39130,0
Crew_10615,Flt_39363,0
Crew_10615,Flt_40176,0
Crew_10615,Flt_41903,0
Crew_10615,Flt_42067,0
Crew_10619,Flt_37929,0
Crew_10619,Flt_38069,0
Crew_10619,Flt_38316,0
Crew_10619,Flt_38712,0
Crew_10619,Flt_38816,0
Crew_10619,Flt_39442,0
Crew_10619,Flt_39736,0
Crew_10619,Flt_40103,0
Crew_10619,Flt_40360,0
Crew_10619,Flt_42271,0
Crew_10620,Flt_37979,0
Crew_10620,Flt_38213,0
Crew_10620,Flt_38662,0
Crew_10620,Flt_38969,0
Crew_10620,Flt_39614,0
Crew_10620,Flt_40012,0
Crew_10620,Flt_40330,0
Crew_10620,Flt_42070,0
Crew_10620,Flt_42193,0
Crew_10620,Flt_42308,0
Crew_10622,Flt_37891,0
Crew_10622,Flt_38436,0
Crew_10622,Flt_38616,0
Crew_10622,Flt_39437,0
Crew_10622,Flt_39667,0
Crew_10622,Flt_41289,0
Crew_10622,Flt_41511,0
Crew_10622,Flt_41628,0
Crew_10622,Flt_41938,0
Crew_10622,Flt_42265,0
Crew_10623,Flt_39107,0
Crew_10623,Flt_39860,0
Crew_10623,Flt_40457,0
Crew_10623,Flt_40607,0
Crew_10623,Flt_40734,0
Crew_10623,Flt_40866,0
Crew_10623,Flt_41419,0
Crew_10623,Flt_41553,0
Crew_10623,Flt_41685,0
Crew_10624,Flt_37768,0
Crew_10624,Flt_37920,0
Crew_10624,Flt_38435,0
Crew_10624,Flt_38773,0
Crew_10624,Flt_39304,0
Crew_10624,Flt_39477,0
Crew_10624,Flt_40043,0
Crew_10624,Flt_40306,0
Crew_10624,Flt_41846,0
Crew_10624,Flt_41997,0
Crew_10625,Flt_37811,0
Crew_10625,Flt_37937,0
Crew_10625,Flt_38087,0
Crew_10625,Flt_38203,0
Crew_10625,Flt_38484,0
Crew_10625,Flt_38760,0
Crew_10625,Flt_39167,0
Crew_10625,Flt_39415,0
Crew_10625,Flt_39797,0
Crew_10625,Flt_42334,0
Crew_10626,Flt_37789,0
Crew_10626,Flt_38159,0
Crew_10626,Flt_38459,0
Crew_10626,Flt_38612,0
Crew_10626,Flt_39066,0
Crew_10626,Flt_39268,0
Crew_10626,Flt_39971,0
Crew_10626,Flt_40196,0
Crew_10626,Flt_40327,0
Crew_10626,Flt_41948,0
Crew_10626,Flt_42077,0
Crew_10627,Flt_38231,0
Crew_10627,Flt_38358,0
Crew_10627,Flt_38694,0
Crew_10627,Flt_38879,0
Crew_10627,Flt_39378,0
Crew_10627,Flt_39594,0
Crew_10627,Flt_39904,0
Crew_10627,Flt_40253,0
Crew_10627,Flt_42014,0
Crew_10627,Flt_42203,0
Crew_10628,Flt_39149,0
Crew_10628,Flt_40359,0
Crew_10628,Flt_40878,0
Crew_10628,Flt_41106,0
Crew_10628,Flt_41441,0
Crew_10628,Flt_41565,0
Crew_10628,Flt_41699,0
Crew_10633,Flt_39678,0
Crew_10633,Flt_40547,0
Crew_10633,Flt_40669,0
Crew_10633,Flt_41281,0
Crew_10633,Flt_41452,0
Crew_10633,Flt_41541,0
Crew_10633,Flt_41646,0
Crew_10634,Flt_37836,0
Crew_10634,Flt_38787,0
Crew_10634,Flt_38902,0
Crew_10634,Flt_39208,0
Crew_10634,Flt_41397,0
Crew_10634,Flt_41556,0
Crew_10634,Flt_42341,0
Crew_10635,Flt_39064,0
Crew_10635,Flt_40332,0
Crew_10635,Flt_40677,0
Crew_10635,Flt_40979,0
Crew_10635,Flt_41319,0
Crew_10635,Flt_41470,0
Crew_10635,Flt_41622,0
Crew_10637,Flt_40244,0
Crew_10637,Flt_41755,0
Crew_10637,Flt_41801,0
Crew_10642,Flt_38263,0
Crew_10642,Flt_38863,0
Crew_10642,Flt_39188,0
Crew_10642,Flt_39951,0
Crew_10642,Flt_40174,0
Crew_10642,Flt_42171,0
Crew_10642,Flt_42372,0
Crew_10644,Flt_40521,0
Crew_10644,Flt_41400,0
Crew_10644,Flt_41663,0
Crew_10644,Flt_41759,0
Crew_10644,Flt_42368,0
Crew_10645,Flt_38394,0
Crew_10645,Flt_39493,0
Crew_10645,Flt_39799,0
Crew_10645,Flt_39940,0
Crew_10645,Flt_40469,0
Crew_10645,Flt_40795,0
Crew_10646,Flt_37737,0
Crew_10646,Flt_37897,0
Crew_10646,Flt_38399,0
Crew_10646,Flt_38675,0
Crew_10646,Flt_38804,0
Crew_10646,Flt_39109,0
Crew_10646,Flt_39314,0
Crew_10646,Flt_39506,0
Crew_10646,Flt_41148,0
Crew_10646,Flt_41315,0
Crew_10646,Flt_41546,0
Crew_10646,Flt_41892,0
Crew_10647,Flt_38124,0
Crew_10647,Flt_38975,0
Crew_10647,Flt_40438,0
Crew_10647,Flt_40642,0
Crew_10647,Flt_41276,0
Crew_10647,Flt_41674,0
Crew_10647,Flt_42048,0
Crew_10647,Flt_42344,0
Crew_10649,Flt_38042,0
Crew_10649,Flt_38580,0
Crew_10649,Flt_38806,0
Crew_10649,Flt_39307,0
Crew_10649,Flt_39601,0
Crew_10649,Flt_41535,0
Crew_10649,Flt_41775,0
Crew_10649,Flt_42109,0
Crew_10649,Flt_42226,0
Crew_10650,Flt_37854,0
Crew_10650,Flt_38046,0
Crew_10650,Flt_38659,0
Crew_10650,Flt_38838,0
Crew_10650,Flt_39335,0
Crew_10650,Flt_39532,0
Crew_10650,Flt_41399,0
Crew_10650,Flt_41650,0
Crew_10650,Flt_41765,0
Crew_10650,Flt_42113,0
Crew_10650,Flt_42180,0
Crew_10650,Flt_42306,0
Crew_10653,Flt_37869,0
Crew_10653,Flt_38215,0
Crew_10653,Flt_38547,0
Crew_10653,Flt_38911,0
Crew_10653,Flt_39233,0
Crew_10653,Flt_40209,0
Crew_10653,Flt_41816,0
Crew_10653,Flt_41965,0
Crew_10653,Flt_42222,0
Crew_10655,Flt_37819,0
Crew_10655,Flt_37952,0
Crew_10655,Flt_38193,0
Crew_10655,Flt_38566,0
Crew_10655,Flt_38666,0
Crew_10655,Flt_38786,0
Crew_10655,Flt_38889,0
Crew_10655,Flt_39246,0
Crew_10655,Flt_39420,0
Crew_10655,Flt_39587,0
Crew_10655,Flt_39926,0
Crew_10655,Flt_40044,0
Crew_10655,Flt_40275,0
Crew_10655,Flt_42371,0
Crew_10656,Flt_39110,0
Crew_10656,Flt_40152,0
Crew_10656,Flt_40347,0
Crew_10656,Flt_40737,0
Crew_10656,Flt_41079,0
Crew_10656,Flt_41110,0
Crew_10656,Flt_41448,0
Crew_10656,Flt_41606,0
Crew_10657,Flt_39014,0
Crew_10657,Flt_39745,0
Crew_10657,Flt_39789,0
Crew_10657,Flt_40435,0
Crew_10662,Flt_39113,0
Crew_10662,Flt_39390,0
Crew_10662,Flt_40302,0
Crew_10662,Flt_40580,0
Crew_10662,Flt_40711,0
Crew_10662,Flt_40947,0
Crew_10662,Flt_41708,0
Crew_10664,Flt_37703,0
Crew_10664,Flt_37948,0
Crew_10664,Flt_38841,0
Crew_10664,Flt_39189,0
Crew_10664,Flt_39318,0
Crew_10664,Flt_39563,0
Crew_10664,Flt_41250,0
Crew_10664,Flt_41473,0
Crew_10664,Flt_41605,0
Crew_10664,Flt_41973,0
Crew_10664,Flt_42096,0
Crew_10665,Flt_37843,0
Crew_10665,Flt_38147,0
Crew_10665,Flt_38469,0
Crew_10665,Flt_38599,0
Crew_10665,Flt_38844,0
Crew_10665,Flt_39266,0
Crew_10665,Flt_39517,0
Crew_10665,Flt_40026,0
Crew_10665,Flt_40345,0
Crew_10665,Flt_41800,0
Crew_10665,Flt_41986,0
Crew_10666,Flt_37769,0
Crew_10666,Flt_38025,0
Crew_10666,Flt_38415,0
Crew_10666,Flt_38620,0
Crew_10666,Flt_39092,0
Crew_10666,Flt_39295,0
Crew_10666,Flt_39781,0
Crew_10666,Flt_39987,0
Crew_10666,Flt_41813,0
Crew_10666,Flt_42080,0
Crew_10667,Flt_37943,0
Crew_10667,Flt_38655,0
Crew_10667,Flt_39276,0
Crew_10667,Flt_39659,0
Crew_10667,Flt_41191,0
Crew_10667,Flt_41447,0
Crew_10667,Flt_42279,0
Crew_10669,Flt_37867,0
Crew_10669,Flt_40100,0
Crew_10669,Flt_40350,0
Crew_10669,Flt_41288,0
Crew_10669,Flt_41564,0
Crew_10669,Flt_42103,0
Crew_10670,Flt_37846,0
Crew_10670,Flt_38763,0
Crew_10670,Flt_39177,0
Crew_10670,Flt_39311,0
Crew_10670,Flt_39404,0
Crew_10670,Flt_39533,0
Crew_10670,Flt_39830,0
Crew_10670,Flt_39970,0
Crew_10670,Flt_40224,0
Crew_10670,Flt_42019,0
Crew_10670,Flt_42323,0
Crew_10671,Flt_38080,0
Crew_10671,Flt_38185,0
Crew_10671,Flt_38309,0
Crew_10671,Flt_38714,0
Crew_10671,Flt_38997,0
Crew_10671,Flt_39438,0
Crew_10671,Flt_40009,0
Crew_10671,Flt_40136,0
Crew_10671,Flt_40288,0
Crew_10671,Flt_41878,0
Crew_10672,Flt_38474,0
Crew_10672,Flt_38636,0
Crew_10672,Flt_39316,0
Crew_10672,Flt_40028,0
Crew_10672,Flt_40334,0
Crew_10672,Flt_40856,0
Crew_10672,Flt_41016,0
Crew_10674,Flt_39682,0
Crew_10674,Flt_40423,0
Crew_10674,Flt_40496,0
Crew_10674,Flt_41298,0
Crew_10674,Flt_41520,0
Crew_10674,Flt_41651,0
Crew_10677,Flt_39004,0
Crew_10677,Flt_39743,0
Crew_10677,Flt_40503,0
Crew_10677,Flt_40658,0
Crew_10677,Flt_40805,0
Crew_10677,Flt_40914,0
Crew_10678,Flt_39156,0
Crew_10678,Flt_40153,0
Crew_10678,Flt_40451,0
Crew_10678,Flt_40608,0
Crew_10678,Flt_40853,0
Crew_10678,Flt_41323,0
Crew_10678,Flt_41620,0
Crew_10678,Flt_41722,0
Crew_10679,Flt_38932,0
Crew_10679,Flt_39757,0
Crew_10679,Flt_40114,0
Crew_10679,Flt_40638,0
Crew_10679,Flt_40904,0
Crew_10680,Flt_38485,0
Crew_10680,Flt_39270,0
Crew_10680,Flt_39381,0
Crew_10680,Flt_39955,0
Crew_10680,Flt_40173,0
Crew_10680,Flt_40502,0
Crew_10680,Flt_40624,0
Crew_10680,Flt_40846,0
Crew_10681,Flt_37777,0
Crew_10681,Flt_38505,0
Crew_10681,Flt_39657,0
Crew_10681,Flt_40208,0
Crew_10681,Flt_40370,0
Crew_10681,Flt_41820,0
Crew_10681,Flt_41977,0
Crew_10681,Flt_42218,0
Crew_10682,Flt_38428,0
Crew_10682,Flt_39958,0
Crew_10682,Flt_40227,0
Crew_10682,Flt_40622,0
Crew_10682,Flt_40792,0
Crew_10682,Flt_40959,0
Crew_10683,Flt_37798,0
Crew_10683,Flt_38024,0
Crew_10683,Flt_38446,0
Crew_10683,Flt_38551,0
Crew_10683,Flt_38767,0
Crew_10683,Flt_39365,0
Crew_10683,Flt_39617,0
Crew_10683,Flt_39979,0
Crew_10683,Flt_40316,0
Crew_10683,Flt_41944,0
Crew_10683,Flt_42146,0
Crew_10684,Flt_37810,0
Crew_10684,Flt_38011,0
Crew_10684,Flt_38444,0
Crew_10684,Flt_39242,0
Crew_10684,Flt_39392,0
Crew_10684,Flt_41476,0
Crew_10684,Flt_41857,0
Crew_10684,Flt_41983,0
Crew_10684,Flt_42191,0
Crew_10687,Flt_38242,0
Crew_10687,Flt_38574,0
Crew_10687,Flt_38819,0
Crew_10687,Flt_39219,0
Crew_10687,Flt_39385,0
Crew_10687,Flt_39555,0
Crew_10687,Flt_39894,0
Crew_10687,Flt_40006,0
Crew_10687,Flt_40294,0
Crew_10687,Flt_41895,0
Crew_10687,Flt_42121,0
Crew_10689,Flt_37875,0
Crew_10689,Flt_38191,0
Crew_10689,Flt_38558,0
Crew_10689,Flt_38905,0
Crew_10689,Flt_39374,0
Crew_10689,Flt_39632,0
Crew_10689,Flt_39993,0
Crew_10689,Flt_40240,0
Crew_10689,Flt_42066,0
Crew_10689,Flt_42346,0
Crew_10693,Flt_39765,0
Crew_10693,Flt_40590,0
Crew_10693,Flt_40789,0
Crew_10693,Flt_40964,0
Crew_10693,Flt_41293,0
Crew_10693,Flt_41471,0
Crew_10693,Flt_41815,0
Crew_10693,Flt_41932,0
Crew_10695,Flt_37751,0
Crew_10695,Flt_37927,0
Crew_10695,Flt_38389,0
Crew_10695,Flt_38679,0
Crew_10695,Flt_39095,0
Crew_10695,Flt_39422,0
Crew_10695,Flt_40109,0
Crew_10695,Flt_40246,0
Crew_10695,Flt_41844,0
Crew_10695,Flt_42207,0
Crew_10696,Flt_38698,0
Crew_10696,Flt_41619,0
Crew_10696,Flt_42064,0
Crew_10696,Flt_42285,0
Crew_10705,Flt_38323,0
Crew_10705,Flt_38619,0
Crew_10705,Flt_38890,0
Crew_10705,Flt_39590,0
Crew_10705,Flt_39932,0
Crew_10705,Flt_40285,0
Crew_10705,Flt_41852,0
Crew_10705,Flt_42023,0
Crew_10708,Flt_38279,0
Crew_10708,Flt_39106,0
Crew_10708,Flt_39829,0
Crew_10708,Flt_39959,0
Crew_10708,Flt_40204,0
Crew_10708,Flt_42148,0
Crew_10708,Flt_42278,0
Crew_10709,Flt_38298,0
Crew_10709,Flt_39222,0
Crew_10709,Flt_39566,0
Crew_10709,Flt_39933,0
Crew_10709,Flt_40035,0
Crew_10709,Flt_42270,0
Crew_10709,Flt_42403,0
Crew_10711,Flt_38145,0
Crew_10711,Flt_38584,0
Crew_10711,Flt_38833,0
Crew_10711,Flt_39283,0
Crew_10711,Flt_39562,0
Crew_10711,Flt_41283,0
Crew_10711,Flt_41490,0
Crew_10711,Flt_41845,0
Crew_10711,Flt_42198,0
Crew_10713,Flt_37928,0
Crew_10713,Flt_38048,0
Crew_10713,Flt_38217,0
Crew_10713,Flt_38539,0
Crew_10713,Flt_38738,0
Crew_10713,Flt_39343,0
Crew_10713,Flt_39638,0
Crew_10713,Flt_40323,0
Crew_10713,Flt_41913,0
Crew_10713,Flt_42228,0
Crew_10715,Flt_38018,0
Crew_10715,Flt_38226,0
Crew_10715,Flt_38782,0
Crew_10715,Flt_38967,0
Crew_10715,Flt_39548,0
Crew_10715,Flt_39893,0
Crew_10715,Flt_40143,0
Crew_10715,Flt_41945,0
Crew_10715,Flt_42197,0
Crew_10716,Flt_37756,0
Crew_10716,Flt_38161,0
Crew_10716,Flt_38475,0
Crew_10716,Flt_38639,0
Crew_10716,Flt_39084,0
Crew_10716,Flt_41131,0
Crew_10716,Flt_41398,0
Crew_10716,Flt_42022,0
Crew_10716,Flt_42166,0
Crew_10716,Flt_42316,0
Crew_10717,Flt_38797,0
Crew_10717,Flt_39053,0
Crew_10717,Flt_39674,0
Crew_10717,Flt_40051,0
Crew_10717,Flt_40289,0
Crew_10717,Flt_40402,0
Crew_10717,Flt_40709,0
Crew_10717,Flt_40823,0
Crew_10717,Flt_41044,0
Crew_10720,Flt_38318,0
Crew_10720,Flt_38371,0
Crew_10720,Flt_38776,0
Crew_10720,Flt_39045,0
Crew_10720,Flt_39366,0
Crew_10720,Flt_39560,0
Crew_10720,Flt_39870,0
Crew_10720,Flt_40075,0
Crew_10720,Flt_41990,0
Crew_10720,Flt_42292,0
Crew_10721,Flt_38218,0
Crew_10721,Flt_38335,0
Crew_10721,Flt_38918,0
Crew_10721,Flt_39795,0
Crew_10721,Flt_40172,0
Crew_10721,Flt_41851,0
Crew_10721,Flt_41962,0
Crew_10723,Flt_39875,0
Crew_10723,Flt_40647,0
Crew_10723,Flt_40836,0
Crew_10723,Flt_41729,0
Crew_10723,Flt_42261,0
Crew_10725,Flt_39712,0
Crew_10725,Flt_39980,0
Crew_10725,Flt_40297,0
Crew_10725,Flt_40687,0
Crew_10725,Flt_40895,0
Crew_10725,Flt_41031,0
Crew_10725,Flt_41362,0
Crew_10725,Flt_41676,0
Crew_10726,Flt_37832,0
Crew_10726,Flt_38204,0
Crew_10726,Flt_38548,0
Crew_10726,Flt_40943,0
Crew_10726,Flt_41460,0
Crew_10726,Flt_41744,0
Crew_10726,Flt_42104,0
Crew_10731,Flt_38166,0
Crew_10731,Flt_38345,0
Crew_10731,Flt_38850,0
Crew_10731,Flt_39028,0
Crew_10731,Flt_39531,0
Crew_10731,Flt_41767,0
Crew_10731,Flt_42266,0
Crew_10733,Flt_37748,0
Crew_10733,Flt_37898,0
Crew_10733,Flt_38426,0
Crew_10733,Flt_38583,0
Crew_10733,Flt_39087,0
Crew_10733,Flt_39252,0
Crew_10733,Flt_39429,0
Crew_10733,Flt_39798,0
Crew_10733,Flt_41917,0
Crew_10733,Flt_42024,0
Crew_10733,Flt_42273,0
Crew_10734,Flt_37771,0
Crew_10734,Flt_37887,0
Crew_10734,Flt_38114,0
Crew_10734,Flt_38664,0
Crew_10734,Flt_38925,0
Crew_10734,Flt_39267,0
Crew_10734,Flt_39527,0
Crew_10734,Flt_40007,0
Crew_10734,Flt_40296,0
Crew_10734,Flt_41810,0
Crew_10734,Flt_41970,0
Crew_10735,Flt_37770,0
Crew_10735,Flt_37888,0
Crew_10735,Flt_38109,0
Crew_10735,Flt_38587,0
Crew_10735,Flt_38737,0
Crew_10735,Flt_39431,0
Crew_10735,Flt_39689,0
Crew_10735,Flt_40151,0
Crew_10735,Flt_40335,0
Crew_10735,Flt_41936,0
Crew_10735,Flt_42331,0
Crew_10736,Flt_39774,0
Crew_10736,Flt_40453,0
Crew_10736,Flt_40625,0
Crew_10736,Flt_40860,0
Crew_10736,Flt_41137,0
Crew_10736,Flt_41301,0
Crew_10736,Flt_41451,0
Crew_10736,Flt_41551,0
Crew_10736,Flt_41942,0
Crew_10736,Flt_42059,0
Crew_10737,Flt_37956,0
Crew_10737,Flt_38178,0
Crew_10737,Flt_38477,0
Crew_10737,Flt_38589,0
Crew_10737,Flt_38795,0
Crew_10737,Flt_39636,0
Crew_10737,Flt_39983,0
Crew_10737,Flt_40122,0
Crew_10737,Flt_41885,0
Crew_10737,Flt_42021,0
Crew_10738,Flt_38924,0
Crew_10738,Flt_39727,0
Crew_10738,Flt_39755,0
Crew_10738,Flt_39866,0
Crew_10738,Flt_40433,0
Crew_10738,Flt_40683,0
Crew_10739,Flt_38507,0
Crew_10739,Flt_39559,0
Crew_10739,Flt_39939,0
Crew_10739,Flt_40117,0
Crew_10739,Flt_40663,0
Crew_10739,Flt_40976,0
Crew_10740,Flt_38327,0
Crew_10740,Flt_39086,0
Crew_10740,Flt_39717,0
Crew_10740,Flt_41136,0
Crew_10740,Flt_41836,0
Crew_10740,Flt_42058,0
Crew_10740,Flt_42186,0
Crew_10743,Flt_40511,0
Crew_10743,Flt_40610,0
Crew_10743,Flt_40896,0
Crew_10743,Flt_41214,0
Crew_10743,Flt_41327,0
Crew_10743,Flt_41538,0
Crew_10743,Flt_42349,0
Crew_10747,Flt_37826,0
Crew_10747,Flt_37955,0
Crew_10747,Flt_38195,0
Crew_10747,Flt_38520,0
Crew_10747,Flt_38699,0
Crew_10747,Flt_39060,0
Crew_10747,Flt_39244,0
Crew_10747,Flt_41472,0
Crew_10747,Flt_41641,0
Crew_10747,Flt_41766,0
Crew_10747,Flt_42333,0
Crew_10750,Flt_37850,0
Crew_10750,Flt_38201,0
Crew_10750,Flt_38727,0
Crew_10750,Flt_38968,0
Crew_10750,Flt_39297,0
Crew_10750,Flt_39621,0
Crew_10750,Flt_40041,0
Crew_10750,Flt_40192,0
Crew_10750,Flt_41889,0
Crew_10750,Flt_42235,0
Crew_10751,Flt_38165,0
Crew_10751,Flt_39624,0
Crew_10751,Flt_39714,0
Crew_10751,Flt_41135,0
Crew_10751,Flt_41394,0
Crew_10751,Flt_41854,0
Crew_10751,Flt_42200,0
Crew_10755,Flt_38396,0
Crew_10755,Flt_39165,0
Crew_10755,Flt_39475,0
Crew_10755,Flt_40222,0
Crew_10755,Flt_40357,0
Crew_10755,Flt_40770,0
Crew_10755,Flt_40880,0
Crew_10755,Flt_41014,0
Crew_10757,Flt_37837,0
Crew_10757,Flt_38022,0
Crew_10757,Flt_38182,0
Crew_10757,Flt_38671,0
Crew_10757,Flt_38913,0
Crew_10757,Flt_39038,0
Crew_10757,Flt_39593,0
Crew_10757,Flt_39960,0
Crew_10757,Flt_41843,0
Crew_10757,Flt_42001,0
Crew_10760,Flt_37936,0
Crew_10760,Flt_38256,0
Crew_10760,Flt_38615,0
Crew_10760,Flt_38735,0
Crew_10760,Flt_38976,0
Crew_10760,Flt_39514,0
Crew_10760,Flt_39686,0
Crew_10760,Flt_39741,0
Crew_10760,Flt_40104,0
Crew_10760,Flt_40235,0
Crew_10760,Flt_41894,0
Crew_10760,Flt_42006,0
Crew_10767,Flt_41107,0
Crew_10767,Flt_41124,0
Crew_10767,Flt_41236,0
Crew_10767,Flt_41789,0
Crew_10767,Flt_41865,0
Crew_10768,Flt_37805,0
Crew_10768,Flt_38518,0
Crew_10768,Flt_39080,0
Crew_10768,Flt_39735,0
Crew_10768,Flt_40198,0
Crew_10768,Flt_40312,0
Crew_10768,Flt_41982,0
Crew_10768,Flt_42241,0
Crew_10769,Flt_38239,0
Crew_10769,Flt_38337,0
Crew_10769,Flt_38705,0
Crew_10769,Flt_38789,0
Crew_10769,Flt_39000,0
Crew_10769,Flt_39256,0
Crew_10769,Flt_39370,0
Crew_10769,Flt_39462,0
Crew_10769,Flt_39842,0
Crew_10769,Flt_40213,0
Crew_10769,Flt_42286,0
Crew_10770,Flt_37706,0
Crew_10770,Flt_37842,0
Crew_10770,Flt_38113,0
Crew_10770,Flt_38656,0
Crew_10770,Flt_38898,0
Crew_10770,Flt_39025,0
Crew_10770,Flt_39322,0
Crew_10770,Flt_39467,0
Crew_10770,Flt_39683,0
Crew_10770,Flt_39986,0
Crew_10770,Flt_40205,0
Crew_10770,Flt_41969,0
Crew_10771,Flt_38747,0
Crew_10771,Flt_38892,0
Crew_10771,Flt_39207,0
Crew_10771,Flt_39820,0
Crew_10771,Flt_39947,0
Crew_10771,Flt_40218,0
Crew_10771,Flt_40573,0
Crew_10771,Flt_40797,0
Crew_10773,Flt_38402,0
Crew_10773,Flt_39924,0
Crew_10773,Flt_40486,0
Crew_10773,Flt_40611,0
Crew_10773,Flt_40848,0
Crew_10774,Flt_39611,0
Crew_10774,Flt_39710,0
Crew_10774,Flt_40060,0
Crew_10774,Flt_40400,0
Crew_10774,Flt_40684,0
Crew_10774,Flt_40892,0
Crew_10774,Flt_41253,0
Crew_10779,Flt_38336,0
Crew_10779,Flt_40886,0
Crew_10779,Flt_41034,0
Crew_10779,Flt_41547,0
Crew_10779,Flt_41730,0
Crew_10779,Flt_42247,0
Crew_10781,Flt_38952,0
Crew_10781,Flt_39668,0
Crew_10781,Flt_39773,0
Crew_10781,Flt_40429,0
Crew_10781,Flt_40428,0
Crew_10785,Flt_39634,0
Crew_10785,Flt_39724,0
Crew_10785,Flt_40111,0
Crew_10785,Flt_40950,0
Crew_10785,Flt_41267,0
Crew_10785,Flt_41602,0
Crew_10786,Flt_40084,0
Crew_10786,Flt_41572,0
Crew_10786,Flt_41677,0
Crew_10786,Flt_41773,0
Crew_10786,Flt_42139,0
Crew_10786,Flt_42401,0
Crew_10787,Flt_38222,0
Crew_10787,Flt_38341,0
Crew_10787,Flt_38765,0
Crew_10787,Flt_39027,0
Crew_10787,Flt_39578,0
Crew_10787,Flt_39732,0
Crew_10787,Flt_40234,0
Crew_10787,Flt_41811,0
Crew_10787,Flt_42111,0
Crew_10787,Flt_42209,0
Crew_10789,Flt_38002,0
Crew_10789,Flt_38110,0
Crew_10789,Flt_38355,0
Crew_10789,Flt_38829,0
Crew_10789,Flt_38943,0
Crew_10789,Flt_39241,0
Crew_10789,Flt_39503,0
Crew_10789,Flt_39635,0
Crew_10789,Flt_40031,0
Crew_10789,Flt_40337,0
Crew_10789,Flt_42354,0
Crew_10790,Flt_39091,0
Crew_10790,Flt_40618,0
Crew_10790,Flt_40768,0
Crew_10790,Flt_41003,0
Crew_10790,Flt_41413,0
Crew_10790,Flt_41571,0
Crew_10790,Flt_41748,0
Crew_10791,Flt_38492,0
Crew_10791,Flt_39673,0
Crew_10791,Flt_40057,0
Crew_10791,Flt_40125,0
Crew_10791,Flt_40254,0
Crew_10791,Flt_40812,0
Crew_10791,Flt_40939,0
Crew_10792,Flt_38449,0
Crew_10792,Flt_39711,0
Crew_10792,Flt_39780,0
Crew_10792,Flt_40442,0
Crew_10792,Flt_40714,0
Crew_10793,Flt_39864,0
Crew_10793,Flt_40672,0
Crew_10793,Flt_40905,0
Crew_10793,Flt_40991,0
Crew_10793,Flt_41269,0
Crew_10793,Flt_42205,0
Crew_10795,Flt_38216,0
Crew_10795,Flt_38530,0
Crew_10795,Flt_38626,0
Crew_10795,Flt_38849,0
Crew_10795,Flt_39289,0
Crew_10795,Flt_39889,0
Crew_10795,Flt_40139,0
Crew_10795,Flt_41989,0
Crew_10795,Flt_42335,0
Crew_10799,Flt_37765,0
Crew_10799,Flt_38366,0
Crew_10799,Flt_38379,0
Crew_10799,Flt_38480,0
Crew_10799,Flt_39254,0
Crew_10799,Flt_39616,0
Crew_10799,Flt_39918,0
Crew_10799,Flt_40140,0
Crew_10799,Flt_40256,0
Crew_10799,Flt_42032,0
Crew_10799,Flt_42154,0
Crew_10799,Flt_42394,0
Crew_10805,Flt_38368,0
Crew_10805,Flt_38419,0
Crew_10805,Flt_39162,0
Crew_10805,Flt_39482,0
Crew_10805,Flt_40033,0
Crew_10805,Flt_40295,0
Crew_10805,Flt_41822,0
Crew_10805,Flt_41993,0
Crew_10807,Flt_39168,0
Crew_10807,Flt_40422,0
Crew_10807,Flt_40455,0
Crew_10807,Flt_41057,0
Crew_10807,Flt_41420,0
Crew_10807,Flt_41566,0
Crew_10807,Flt_41684,0
Crew_10811,Flt_38107,0
Crew_10811,Flt_38249,0
Crew_10811,Flt_38561,0
Crew_10811,Flt_39522,0
Crew_10811,Flt_39902,0
Crew_10811,Flt_40027,0
Crew_10811,Flt_40262,0
Crew_10811,Flt_42007,0
Crew_10811,Flt_42181,0
Crew_10816,Flt_39153,0
Crew_10816,Flt_39260,0
Crew_10816,Flt_40510,0
Crew_10816,Flt_40653,0
Crew_10816,Flt_41175,0
Crew_10817,Flt_39890,0
Crew_10817,Flt_40177,0
Crew_10817,Flt_40655,0
Crew_10817,Flt_40862,0
Crew_10817,Flt_41348,0
Crew_10817,Flt_41550,0
Crew_10817,Flt_42267,0
Crew_10818,Flt_38104,0
Crew_10818,Flt_38220,0
Crew_10818,Flt_38523,0
Crew_10818,Flt_38867,0
Crew_10818,Flt_39480,0
Crew_10818,Flt_39612,0
Crew_10818,Flt_40058,0
Crew_10818,Flt_40200,0
Crew_10818,Flt_41824,0
Crew_10818,Flt_42128,0
Crew_10820,Flt_38206,0
Crew_10820,Flt_39055,0
Crew_10820,Flt_39146,0
Crew_10820,Flt_39954,0
Crew_10820,Flt_40199,0
Crew_10820,Flt_42004,0
Crew_10820,Flt_42250,0
Crew_10821,Flt_38004,0
Crew_10821,Flt_38072,0
Crew_10821,Flt_38894,0
Crew_10821,Flt_39012,0
Crew_10821,Flt_39340,0
Crew_10821,Flt_39471,0
Crew_10821,Flt_39695,0
Crew_10821,Flt_41187,0
Crew_10821,Flt_41384,0
Crew_10821,Flt_41522,0
Crew_10821,Flt_42138,0
Crew_10821,Flt_42280,0
Crew_10823,Flt_37783,0
Crew_10823,Flt_37908,0
Crew_10823,Flt_38717,0
Crew_10823,Flt_38832,0
Crew_10823,Flt_39332,0
Crew_10823,Flt_40037,0
Crew_10823,ddh_10639,1
Crew_10823,Flt_41909,0
Crew_10823,Flt_42069,0
Crew_10824,Flt_37716,0
Crew_10824,Flt_37931,0
Crew_10824,Flt_38384,0
Crew_10824,Flt_38544,0
Crew_10824,Flt_38752,0
Crew_10824,Flt_39103,0
Crew_10824,Flt_39461,0
Crew_10824,Flt_39823,0
Crew_10824,Flt_40110,0
Crew_10824,Flt_42361,0
Crew_10826,Flt_39398,0
Crew_10826,Flt_40362,0
Crew_10826,Flt_40716,0
Crew_10826,Flt_41007,0
Crew_10826,Flt_41351,0
Crew_10826,Flt_41609,0
Crew_10827,Flt_39062,0
Crew_10827,Flt_39923,0
Crew_10827,Flt_40689,0
Crew_10827,Flt_40818,0
Crew_10827,Flt_40932,0
Crew_10827,Flt_41302,0
Crew_10829,Flt_39794,0
Crew_10829,Flt_40628,0
Crew_10829,Flt_40791,0
Crew_10829,Flt_40915,0
Crew_10829,Flt_41239,0
Crew_10829,Flt_41380,0
Crew_10829,Flt_41853,0
Crew_10830,Flt_38014,0
Crew_10830,Flt_38262,0
Crew_10830,Flt_38598,0
Crew_10830,Flt_38897,0
Crew_10830,Flt_39377,0
Crew_10830,Flt_39564,0
Crew_10830,Flt_39925,0
Crew_10830,Flt_40268,0
Crew_10830,Flt_41868,0
Crew_10830,Flt_42034,0
Crew_10832,Flt_39088,0
Crew_10832,Flt_39964,0
Crew_10832,Flt_40488,0
Crew_10832,Flt_40644,0
Crew_10832,Flt_41198,0
Crew_10832,Flt_41331,0
Crew_10832,Flt_41575,0
Crew_10835,Flt_37758,0
Crew_10835,Flt_37855,0
Crew_10835,Flt_39074,0
Crew_10835,Flt_39883,0
Crew_10835,Flt_40145,0
Crew_10835,Flt_40287,0
Crew_10835,Flt_41883,0
Crew_10835,Flt_42210,0
Crew_10838,Flt_38073,0
Crew_10838,Flt_38421,0
Crew_10838,Flt_38669,0
Crew_10838,Flt_39181,0
Crew_10838,Flt_39740,0
Crew_10838,Flt_39771,0
Crew_10838,Flt_42164,0
Crew_10838,Flt_42298,0
Crew_10839,Flt_37782,0
Crew_10839,Flt_37911,0
Crew_10839,Flt_38160,0
Crew_10839,Flt_38750,0
Crew_10839,Flt_39005,0
Crew_10839,Flt_39294,0
Crew_10839,Flt_39985,0
Crew_10839,Flt_40301,0
Crew_10839,Flt_42091,0
Crew_10839,Flt_42388,0
Crew_10840,Flt_38188,0
Crew_10840,Flt_38860,0
Crew_10840,Flt_39184,0
Crew_10840,Flt_40029,0
Crew_10840,Flt_40230,0
Crew_10840,Flt_40331,0
Crew_10840,Flt_41841,0
Crew_10840,Flt_42008,0
Crew_10840,Flt_42244,0
Crew_10845,Flt_37912,0
Crew_10845,Flt_38038,0
Crew_10845,Flt_38284,0
Crew_10845,Flt_38759,0
Crew_10845,Flt_39185,0
Crew_10845,Flt_39348,0
Crew_10845,Flt_39504,0
Crew_10845,Flt_40038,0
Crew_10845,Flt_40189,0
Crew_10845,Flt_40326,0
Crew_10845,Flt_41988,0
Crew_10845,Flt_42322,0
Crew_10847,Flt_38151,0
Crew_10847,Flt_38308,0
Crew_10847,Flt_38852,0
Crew_10847,Flt_39003,0
Crew_10847,Flt_39537,0
Crew_10847,Flt_39675,0
Crew_10847,Flt_40017,0
Crew_10847,Flt_40252,0
Crew_10847,Flt_40378,0
Crew_10847,Flt_42396,0
Crew_10849,Flt_38061,0
Crew_10849,Flt_38971,0
Crew_10849,Flt_40480,0
Crew_10849,Flt_40616,0
Crew_10849,Flt_41170,0
Crew_10849,Flt_41344,0
Crew_10849,Flt_41450,0
Crew_10849,Flt_42364,0
Crew_10850,Flt_39143,0
Crew_10850,Flt_39251,0
Crew_10850,Flt_39905,0
Crew_10850,Flt_40211,0
Crew_10850,Flt_40802,0
Crew_10850,Flt_40962,0
Crew_10850,Flt_41093,0
Crew_10850,Flt_41430,0
Crew_10850,Flt_41621,0
Crew_10851,Flt_39871,0
Crew_10851,Flt_41062,0
Crew_10851,Flt_41542,0
Crew_10851,Flt_41704,0
Crew_10851,Flt_42223,0
Crew_10852,Flt_37822,0
Crew_10852,Flt_37980,0
Crew_10852,Flt_38472,0
Crew_10852,Flt_38814,0
Crew_10852,Flt_39154,0
Crew_10852,Flt_39349,0
Crew_10852,Flt_39754,0
Crew_10852,Flt_39935,0
Crew_10852,Flt_41902,0
Crew_10852,Flt_42099,0
Crew_10854,Flt_38133,0
Crew_10854,Flt_38290,0
Crew_10854,Flt_38628,0
Crew_10854,Flt_38919,0
Crew_10854,Flt_40850,0
Crew_10854,Flt_41083,0
Crew_10854,Flt_41422,0
Crew_10854,Flt_41599,0
Crew_10854,Flt_42284,0
Crew_10855,Flt_37863,0
Crew_10855,Flt_38009,0
Crew_10855,Flt_38696,0
Crew_10855,Flt_38965,0
Crew_10855,Flt_39351,0
Crew_10855,Flt_39786,0
Crew_10855,Flt_39931,0
Crew_10855,Flt_40093,0
Crew_10855,Flt_41905,0
Crew_10855,Flt_42068,0
Crew_10855,Flt_42188,0
Crew_10856,Flt_37823,0
Crew_10856,Flt_38128,0
Crew_10856,Flt_38496,0
Crew_10856,Flt_40666,0
Crew_10856,Flt_40911,0
Crew_10856,Flt_41311,0
Crew_10856,Flt_41495,0
Crew_10856,Flt_41807,0
Crew_10856,Flt_41799,0
Crew_10858,Flt_37726,0
Crew_10858,Flt_37883,0
Crew_10858,Flt_38021,0
Crew_10858,Flt_38606,0
Crew_10858,Flt_38961,0
Crew_10858,Flt_40475,0
Crew_10858,Flt_40632,0
Crew_10858,Flt_40858,0
Crew_10858,Flt_41205,0
Crew_10858,Flt_41342,0
Crew_10858,Flt_41486,0
Crew_10860,Flt_40506,0
Crew_10860,Flt_41352,0
Crew_10860,Flt_41582,0
Crew_10861,Flt_39847,0
Crew_10861,Flt_40847,0
Crew_10861,Flt_40948,0
Crew_10861,Flt_41078,0
Crew_10861,Flt_41589,0
Crew_10861,Flt_41741,0
Crew_10865,Flt_39198,0
Crew_10865,Flt_39937,0
Crew_10865,Flt_40074,0
Crew_10865,Flt_40750,0
Crew_10865,Flt_40960,0
Crew_10865,Flt_41304,0
Crew_10865,Flt_41436,0
Crew_10865,Flt_41576,0
Crew_10866,Flt_37841,0
Crew_10866,Flt_38041,0
Crew_10866,Flt_38788,0
Crew_10866,Flt_39312,0
Crew_10866,Flt_39651,0
Crew_10866,Flt_40059,0
Crew_10866,Flt_40168,0
Crew_10866,Flt_40371,0
Crew_10866,Flt_42172,0
Crew_10866,Flt_42288,0
Crew_10867,Flt_38098,0
Crew_10867,Flt_38286,0
Crew_10867,Flt_38866,0
Crew_10867,Flt_39209,0
Crew_10867,Flt_39360,0
Crew_10867,Flt_39800,0
Crew_10867,Flt_40384,0
Crew_10867,Flt_41957,0
Crew_10867,Flt_42326,0
Crew_10869,Flt_38168,0
Crew_10869,Flt_38321,0
Crew_10869,Flt_38899,0
Crew_10869,Flt_39183,0
Crew_10869,Flt_39362,0
Crew_10869,Flt_39751,0
Crew_10869,Flt_40065,0
Crew_10869,Flt_42313,0
Crew_10870,Flt_37772,0
Crew_10870,Flt_37925,0
Crew_10870,Flt_38455,0
Crew_10870,Flt_38607,0
Crew_10870,Flt_39089,0
Crew_10870,Flt_39411,0
Crew_10870,Flt_41353,0
Crew_10870,Flt_41610,0
Crew_10870,Flt_42041,0
Crew_10870,Flt_42380,0
Crew_10871,Flt_37817,0
Crew_10871,Flt_38094,0
Crew_10871,Flt_38516,0
Crew_10871,Flt_41000,0
Crew_10871,Flt_41405,0
Crew_10871,Flt_41613,0
Crew_10871,Flt_42196,0
Crew_10871,Flt_42290,0
Crew_10872,Flt_39108,0
Crew_10872,Flt_39449,0
Crew_10872,Flt_40341,0
Crew_10872,Flt_40715,0
Crew_10872,Flt_40842,0
Crew_10872,Flt_40984,0
Crew_10872,Flt_41378,0
Crew_10872,Flt_41611,0
Crew_10872,Flt_41745,0
