id,crewId,airport,startTime,endTime,isDuty
Grd_1757_10000,Crew_10003,UQLN,2025/02/02 00:00:00,2025/02/02 23:59:00,0
Grd_1757_10001,Crew_10003,UQLN,2025/02/03 00:00:00,2025/02/03 23:59:00,0
Grd_1757_10002,Crew_10003,UQLN,2025/02/04 00:00:00,2025/02/04 23:59:00,0
Grd_1757_10003,Crew_10003,UQLN,2025/02/05 08:00:00,2025/02/05 18:00:00,1
Grd_1757_10004,Crew_10003,UQLN,2025/02/06 00:00:00,2025/02/06 23:59:00,0
Grd_1757_10005,Crew_10003,UQLN,2025/02/07 00:00:00,2025/02/07 23:59:00,0
Grd_1757_10006,Crew_10003,UQLN,2025/02/08 08:00:00,2025/02/08 18:00:00,1
Grd_1_10000,Crew_10004,UQLN,2025/02/02 00:00:00,2025/02/02 23:59:00,0
Grd_1_10001,Crew_10004,UQLN,2025/02/03 00:00:00,2025/02/03 23:59:00,0
Grd_1_10002,Crew_10004,UQLN,2025/02/04 00:00:00,2025/02/04 23:59:00,0
Grd_1_10003,Crew_10004,UQLN,2025/02/05 00:00:00,2025/02/05 23:59:00,0
Grd_1_10004,Crew_10004,UQLN,2025/02/06 08:00:00,2025/02/06 18:00:00,1
Grd_1_10005,Crew_10004,UQLN,2025/02/07 00:00:00,2025/02/07 23:59:00,0
Grd_1_10006,Crew_10004,UQLN,2025/02/08 00:00:00,2025/02/08 23:59:00,0
Grd_2493_10000,Crew_10006,UQLN,2025/02/05 08:00:00,2025/02/05 18:00:00,1
Grd_1764_10000,Crew_10008,UQLN,2025/02/02 08:00:00,2025/02/02 18:00:00,1
Grd_1652_10000,Crew_10009,XGOB,2025/02/02 08:00:00,2025/02/02 18:00:00,1
Grd_1652_10001,Crew_10009,XGOB,2025/02/03 08:00:00,2025/02/03 18:00:00,1
Grd_1652_10002,Crew_10009,XGOB,2025/02/04 08:00:00,2025/02/04 18:00:00,1
Grd_1652_10003,Crew_10009,XGOB,2025/02/05 08:00:00,2025/02/05 18:00:00,1
Grd_1652_10004,Crew_10009,XGOB,2025/02/06 08:00:00,2025/02/06 18:00:00,1
Grd_1652_10005,Crew_10009,XGOB,2025/02/07 08:00:00,2025/02/07 18:00:00,1
Grd_1652_10006,Crew_10009,XGOB,2025/02/08 08:00:00,2025/02/08 18:00:00,1
Grd_3_10000,Crew_10010,XGOB,2025/02/02 00:00:00,2025/02/02 23:59:00,0
Grd_3_10001,Crew_10010,XGOB,2025/02/03 08:00:00,2025/02/03 18:00:00,1
Grd_3_10002,Crew_10010,XGOB,2025/02/04 08:00:00,2025/02/04 18:00:00,1
Grd_3_10003,Crew_10010,XGOB,2025/02/05 08:00:00,2025/02/05 18:00:00,1
Grd_3_10004,Crew_10010,XGOB,2025/02/06 00:00:00,2025/02/06 23:59:00,0
Grd_3_10005,Crew_10010,XGOB,2025/02/07 00:00:00,2025/02/07 23:59:00,0
Grd_3_10006,Crew_10010,XGOB,2025/02/08 00:00:00,2025/02/08 23:59:00,0
Grd_2048_10000,Crew_10016,VBKF,2025/02/08 08:00:00,2025/02/08 18:00:00,1
Grd_1726_10000,Crew_10026,UQLN,2025/02/04 00:00:00,2025/02/04 23:59:00,0
Grd_1726_10001,Crew_10026,UQLN,2025/02/05 00:00:00,2025/02/05 23:59:00,0
Grd_1726_10002,Crew_10026,UQLN,2025/02/06 00:00:00,2025/02/06 23:59:00,0
Grd_1726_10003,Crew_10026,UQLN,2025/02/07 00:00:00,2025/02/07 23:59:00,0
Grd_1726_10004,Crew_10026,UQLN,2025/02/08 00:00:00,2025/02/08 23:59:00,0
Grd_1768_10000,Crew_10028,XGOB,2025/02/06 00:00:00,2025/02/06 23:59:00,0
Grd_1768_10001,Crew_10028,XGOB,2025/02/07 00:00:00,2025/02/07 23:59:00,0
Grd_1768_10002,Crew_10028,XGOB,2025/02/08 00:00:00,2025/02/08 23:59:00,0
Grd_1609_10000,Crew_10030,XGOB,2025/02/08 08:00:00,2025/02/08 18:00:00,1
Grd_2042_10000,Crew_10034,UQLN,2025/02/06 08:00:00,2025/02/06 18:00:00,1
Grd_2042_10001,Crew_10034,UQLN,2025/02/07 08:00:00,2025/02/07 18:00:00,1
Grd_1705_10000,Crew_10044,XGOB,2025/02/02 00:00:00,2025/02/02 23:59:00,0
Grd_1705_10001,Crew_10044,XGOB,2025/02/03 00:00:00,2025/02/03 23:59:00,0
Grd_1705_10002,Crew_10044,XGOB,2025/02/04 00:00:00,2025/02/04 23:59:00,0
Grd_1705_10003,Crew_10044,XGOB,2025/02/05 00:00:00,2025/02/05 23:59:00,0
Grd_1705_10004,Crew_10044,XGOB,2025/02/06 00:00:00,2025/02/06 23:59:00,0
Grd_1705_10005,Crew_10044,XGOB,2025/02/07 00:00:00,2025/02/07 23:59:00,0
Grd_1705_10006,Crew_10044,XGOB,2025/02/08 08:00:00,2025/02/08 18:00:00,1
Grd_1155_10000,Crew_10046,XGOB,2025/02/02 00:00:00,2025/02/02 23:59:00,0
Grd_1155_10001,Crew_10046,XGOB,2025/02/03 00:00:00,2025/02/03 23:59:00,0
Grd_1155_10002,Crew_10046,XGOB,2025/02/04 00:00:00,2025/02/04 23:59:00,0
Grd_2129_10000,Crew_10047,UQLN,2025/02/02 00:00:00,2025/02/02 23:59:00,0
Grd_2129_10001,Crew_10047,UQLN,2025/02/08 08:00:00,2025/02/08 18:00:00,1
Grd_2155_10000,Crew_10048,UQLN,2025/02/07 08:00:00,2025/02/07 18:00:00,1
Grd_2155_10001,Crew_10048,UQLN,2025/02/08 08:00:00,2025/02/08 18:00:00,1
Grd_1698_10000,Crew_10052,UQLN,2025/02/05 08:00:00,2025/02/05 18:00:00,1
Grd_2146_10000,Crew_10053,GRIG,2025/02/02 00:00:00,2025/02/02 23:59:00,0
Grd_2146_10001,Crew_10053,GRIG,2025/02/03 00:00:00,2025/02/03 23:59:00,0
Grd_2146_10002,Crew_10053,GRIG,2025/02/04 00:00:00,2025/02/04 23:59:00,0
Grd_1719_10000,Crew_10059,UQLN,2025/02/08 08:00:00,2025/02/08 18:00:00,1
Grd_1769_10000,Crew_10064,XGOB,2025/02/05 08:00:00,2025/02/05 18:00:00,1
Grd_1769_10001,Crew_10064,XGOB,2025/02/06 08:00:00,2025/02/06 18:00:00,1
Grd_1769_10002,Crew_10064,XGOB,2025/02/07 08:00:00,2025/02/07 18:00:00,1
Grd_1769_10003,Crew_10064,XGOB,2025/02/08 08:00:00,2025/02/08 18:00:00,1
Grd_1174_10000,Crew_10066,UQLN,2025/02/02 08:00:00,2025/02/02 18:00:00,1
Grd_1174_10001,Crew_10066,UQLN,2025/02/03 08:00:00,2025/02/03 18:00:00,1
Grd_1174_10002,Crew_10066,UQLN,2025/02/04 08:00:00,2025/02/04 18:00:00,1
Grd_1174_10003,Crew_10066,UQLN,2025/02/05 08:00:00,2025/02/05 18:00:00,1
Grd_1174_10004,Crew_10066,UQLN,2025/02/06 08:00:00,2025/02/06 18:00:00,1
Grd_1174_10005,Crew_10066,UQLN,2025/02/07 08:00:00,2025/02/07 18:00:00,1
Grd_1174_10006,Crew_10066,UQLN,2025/02/08 08:00:00,2025/02/08 18:00:00,1
Grd_2552_10000,Crew_10068,XGOB,2025/02/02 00:00:00,2025/02/02 23:59:00,0
Grd_2552_10001,Crew_10068,XGOB,2025/02/03 00:00:00,2025/02/03 23:59:00,0
Grd_2552_10002,Crew_10068,XGOB,2025/02/04 00:00:00,2025/02/04 23:59:00,0
Grd_2552_10003,Crew_10068,XGOB,2025/02/05 00:00:00,2025/02/05 23:59:00,0
Grd_2552_10004,Crew_10068,XGOB,2025/02/06 00:00:00,2025/02/06 23:59:00,0
Grd_2552_10005,Crew_10068,XGOB,2025/02/07 00:00:00,2025/02/07 23:59:00,0
Grd_2158_10000,Crew_10074,UQLN,2025/02/05 00:00:00,2025/02/05 23:59:00,0
Grd_1829_10000,Crew_10077,XGOB,2025/02/02 00:00:00,2025/02/02 23:59:00,0
Grd_2130_10000,Crew_10081,UQLN,2025/02/06 08:00:00,2025/02/06 18:00:00,1
Grd_9475_10000,Crew_10085,XGOB,2025/02/04 08:00:00,2025/02/04 18:00:00,1
Grd_9475_10001,Crew_10085,XGOB,2025/02/05 08:00:00,2025/02/05 18:00:00,1
Grd_9475_10002,Crew_10085,XGOB,2025/02/06 08:00:00,2025/02/06 18:00:00,1
Grd_9459_10000,Crew_10087,XGOB,2025/02/05 00:00:00,2025/02/05 23:59:00,0
Grd_4113_10000,Crew_10088,GRIG,2025/02/06 08:00:00,2025/02/06 18:00:00,1
Grd_4113_10001,Crew_10088,GRIG,2025/02/07 08:00:00,2025/02/07 18:00:00,1
Grd_2041_10000,Crew_10092,UQLN,2025/02/06 00:00:00,2025/02/06 23:59:00,0
Grd_2041_10001,Crew_10092,UQLN,2025/02/07 00:00:00,2025/02/07 23:59:00,0
Grd_2041_10002,Crew_10092,UQLN,2025/02/08 00:00:00,2025/02/08 23:59:00,0
Grd_1120_10000,Crew_10095,CXOJ,2025/02/05 08:00:00,2025/02/05 18:00:00,1
Grd_2167_10000,Crew_10097,UQLN,2025/02/07 08:00:00,2025/02/07 18:00:00,1
Grd_1707_10000,Crew_10100,UQLN,2025/02/04 00:00:00,2025/02/04 23:59:00,0
Grd_2038_10000,Crew_10109,XGOB,2025/02/02 08:00:00,2025/02/02 18:00:00,1
Grd_2038_10001,Crew_10109,XGOB,2025/02/03 08:00:00,2025/02/03 18:00:00,1
Grd_2133_10000,Crew_10114,VBKF,2025/02/08 08:00:00,2025/02/08 18:00:00,1
Grd_1687_10000,Crew_10124,SNFR,2025/02/07 00:00:00,2025/02/07 23:59:00,0
Grd_1687_10001,Crew_10124,SNFR,2025/02/08 00:00:00,2025/02/08 23:59:00,0
Grd_1727_10000,Crew_10127,XGOB,2025/02/06 08:00:00,2025/02/06 18:00:00,1
Grd_1727_10001,Crew_10127,XGOB,2025/02/07 08:00:00,2025/02/07 18:00:00,1
Grd_2504_10000,Crew_10128,XGOB,2025/02/06 00:00:00,2025/02/06 23:59:00,0
Grd_2504_10001,Crew_10128,XGOB,2025/02/07 08:00:00,2025/02/07 18:00:00,1
Grd_1688_10000,Crew_10132,UQLN,2025/02/06 08:00:00,2025/02/06 18:00:00,1
Grd_1127_10000,Crew_10136,XGOB,2025/02/04 08:00:00,2025/02/04 18:00:00,1
Grd_1127_10001,Crew_10136,XGOB,2025/02/08 08:00:00,2025/02/08 18:00:00,1
Grd_1401_10000,Crew_10140,XGOB,2025/02/02 08:00:00,2025/02/02 18:00:00,1
Grd_1401_10001,Crew_10140,XGOB,2025/02/03 08:00:00,2025/02/03 18:00:00,1
Grd_1401_10002,Crew_10140,XGOB,2025/02/04 08:00:00,2025/02/04 18:00:00,1
Grd_1401_10003,Crew_10140,XGOB,2025/02/05 08:00:00,2025/02/05 18:00:00,1
Grd_2104_10000,Crew_10144,UQLN,2025/02/08 08:00:00,2025/02/08 18:00:00,1
Grd_1405_10000,Crew_10150,XGOB,2025/02/06 08:00:00,2025/02/06 18:00:00,1
Grd_1405_10001,Crew_10150,XGOB,2025/02/07 08:00:00,2025/02/07 18:00:00,1
Grd_1679_10000,Crew_10151,SNFR,2025/02/05 08:00:00,2025/02/05 18:00:00,1
Grd_1679_10001,Crew_10151,SNFR,2025/02/06 08:00:00,2025/02/06 18:00:00,1
Grd_1679_10002,Crew_10151,SNFR,2025/02/07 08:00:00,2025/02/07 18:00:00,1
Grd_2442_10000,Crew_10155,UQLN,2025/02/06 08:00:00,2025/02/06 18:00:00,1
Grd_1378_10000,Crew_10161,CXOJ,2025/02/05 08:00:00,2025/02/05 18:00:00,1
Grd_1668_10000,Crew_10163,UQLN,2025/02/02 00:00:00,2025/02/02 23:59:00,0
Grd_1668_10001,Crew_10163,UQLN,2025/02/03 00:00:00,2025/02/03 23:59:00,0
Grd_1668_10002,Crew_10163,UQLN,2025/02/04 00:00:00,2025/02/04 23:59:00,0
Grd_1668_10003,Crew_10163,UQLN,2025/02/05 00:00:00,2025/02/05 23:59:00,0
Grd_1668_10004,Crew_10163,UQLN,2025/02/06 08:00:00,2025/02/06 18:00:00,1
Grd_10658_10000,Crew_10165,XGOB,2025/02/07 08:00:00,2025/02/07 18:00:00,1
Grd_10658_10001,Crew_10165,XGOB,2025/02/08 08:00:00,2025/02/08 18:00:00,1
Grd_2119_10000,Crew_10167,XGOB,2025/02/08 08:00:00,2025/02/08 18:00:00,1
Grd_2459_10000,Crew_10169,UQLN,2025/02/07 08:00:00,2025/02/07 18:00:00,1
Grd_1676_10000,Crew_10170,XGOB,2025/02/08 08:00:00,2025/02/08 18:00:00,1
Grd_1654_10000,Crew_10171,UQLN,2025/02/05 08:00:00,2025/02/05 18:00:00,1
Grd_1654_10001,Crew_10171,UQLN,2025/02/06 00:00:00,2025/02/06 23:59:00,0
Grd_1654_10002,Crew_10171,UQLN,2025/02/07 00:00:00,2025/02/07 23:59:00,0
Grd_2466_10000,Crew_10174,GRIG,2025/02/05 08:00:00,2025/02/05 18:00:00,1
Grd_2466_10001,Crew_10174,GRIG,2025/02/06 08:00:00,2025/02/06 18:00:00,1
Grd_2466_10002,Crew_10174,GRIG,2025/02/07 08:00:00,2025/02/07 18:00:00,1
Grd_2466_10003,Crew_10174,GRIG,2025/02/08 00:00:00,2025/02/08 23:59:00,0
Grd_1684_10000,Crew_10181,XGOB,2025/02/08 00:00:00,2025/02/08 23:59:00,0
Grd_4082_10000,Crew_10182,XGOB,2025/02/02 08:00:00,2025/02/02 18:00:00,1
Grd_4082_10001,Crew_10182,XGOB,2025/02/03 08:00:00,2025/02/03 18:00:00,1
Grd_4082_10002,Crew_10182,XGOB,2025/02/05 08:00:00,2025/02/05 18:00:00,1
Grd_4082_10003,Crew_10182,XGOB,2025/02/08 08:00:00,2025/02/08 18:00:00,1
Grd_2443_10000,Crew_10187,GRIG,2025/02/06 00:00:00,2025/02/06 23:59:00,0
Grd_1172_10000,Crew_10188,GRIG,2025/02/08 08:00:00,2025/02/08 18:00:00,1
Grd_1664_10000,Crew_10190,UQLN,2025/02/06 08:00:00,2025/02/06 18:00:00,1
Grd_3026_10000,Crew_10194,XGOB,2025/02/02 00:00:00,2025/02/02 23:59:00,0
Grd_3026_10001,Crew_10194,XGOB,2025/02/03 00:00:00,2025/02/03 23:59:00,0
Grd_3026_10002,Crew_10194,XGOB,2025/02/04 00:00:00,2025/02/04 23:59:00,0
Grd_3026_10003,Crew_10194,XGOB,2025/02/05 00:00:00,2025/02/05 23:59:00,0
Grd_4106_10000,Crew_10198,UQLN,2025/02/05 08:00:00,2025/02/05 18:00:00,1
Grd_1382_10000,Crew_10204,UQLN,2025/02/04 00:00:00,2025/02/04 23:59:00,0
Grd_1382_10001,Crew_10204,UQLN,2025/02/05 00:00:00,2025/02/05 23:59:00,0
Grd_1382_10002,Crew_10204,UQLN,2025/02/06 00:00:00,2025/02/06 23:59:00,0
Grd_1382_10003,Crew_10204,UQLN,2025/02/07 00:00:00,2025/02/07 23:59:00,0
Grd_1382_10004,Crew_10204,UQLN,2025/02/08 08:00:00,2025/02/08 18:00:00,1
Grd_2551_10000,Crew_10207,XGOB,2025/02/02 08:00:00,2025/02/02 18:00:00,1
Grd_2551_10001,Crew_10207,XGOB,2025/02/03 08:00:00,2025/02/03 18:00:00,1
Grd_2551_10002,Crew_10207,XGOB,2025/02/04 08:00:00,2025/02/04 18:00:00,1
Grd_2551_10003,Crew_10207,XGOB,2025/02/06 00:00:00,2025/02/06 23:59:00,0
Grd_2551_10004,Crew_10207,XGOB,2025/02/07 08:00:00,2025/02/07 18:00:00,1
Grd_4107_10000,Crew_10209,XGOB,2025/02/02 08:00:00,2025/02/02 18:00:00,1
Grd_4107_10001,Crew_10209,XGOB,2025/02/03 08:00:00,2025/02/03 18:00:00,1
Grd_4107_10002,Crew_10209,XGOB,2025/02/04 08:00:00,2025/02/04 18:00:00,1
Grd_4107_10003,Crew_10209,XGOB,2025/02/05 08:00:00,2025/02/05 18:00:00,1
Grd_4107_10004,Crew_10209,XGOB,2025/02/06 00:00:00,2025/02/06 23:59:00,0
Grd_4036_10000,Crew_10211,XGOB,2025/02/02 00:00:00,2025/02/02 23:59:00,0
Grd_4036_10001,Crew_10211,XGOB,2025/02/06 08:00:00,2025/02/06 18:00:00,1
Grd_1355_10000,Crew_10212,XGOB,2025/02/03 00:00:00,2025/02/03 23:59:00,0
Grd_1355_10001,Crew_10212,XGOB,2025/02/04 00:00:00,2025/02/04 23:59:00,0
Grd_1355_10002,Crew_10212,XGOB,2025/02/05 00:00:00,2025/02/05 23:59:00,0
Grd_1355_10003,Crew_10212,XGOB,2025/02/06 00:00:00,2025/02/06 23:59:00,0
Grd_1355_10004,Crew_10212,XGOB,2025/02/08 08:00:00,2025/02/08 18:00:00,1
Grd_9410_10000,Crew_10213,XGOB,2025/02/02 08:00:00,2025/02/02 18:00:00,1
Grd_9410_10001,Crew_10213,XGOB,2025/02/03 08:00:00,2025/02/03 18:00:00,1
Grd_9410_10002,Crew_10213,XGOB,2025/02/04 08:00:00,2025/02/04 18:00:00,1
Grd_9410_10003,Crew_10213,XGOB,2025/02/05 08:00:00,2025/02/05 18:00:00,1
Grd_9410_10004,Crew_10213,XGOB,2025/02/06 08:00:00,2025/02/06 18:00:00,1
Grd_9410_10005,Crew_10213,XGOB,2025/02/07 08:00:00,2025/02/07 18:00:00,1
Grd_9410_10006,Crew_10213,XGOB,2025/02/08 08:00:00,2025/02/08 18:00:00,1
Grd_9411_10000,Crew_10214,XGOB,2025/02/06 00:00:00,2025/02/06 23:59:00,0
Grd_1332_10000,Crew_10219,XGOB,2025/02/04 08:00:00,2025/02/04 18:00:00,1
Grd_1332_10001,Crew_10219,XGOB,2025/02/08 08:00:00,2025/02/08 18:00:00,1
Grd_1460_10000,Crew_10222,XGOB,2025/02/03 00:00:00,2025/02/03 23:59:00,0
Grd_1460_10001,Crew_10222,XGOB,2025/02/04 00:00:00,2025/02/04 23:59:00,0
Grd_1460_10002,Crew_10222,XGOB,2025/02/08 08:00:00,2025/02/08 18:00:00,1
Grd_4019_10000,Crew_10225,XGOB,2025/02/02 00:00:00,2025/02/02 23:59:00,0
Grd_4019_10001,Crew_10225,XGOB,2025/02/03 00:00:00,2025/02/03 23:59:00,0
Grd_4019_10002,Crew_10225,XGOB,2025/02/04 00:00:00,2025/02/04 23:59:00,0
Grd_4019_10003,Crew_10225,XGOB,2025/02/05 00:00:00,2025/02/05 23:59:00,0
Grd_4019_10004,Crew_10225,XGOB,2025/02/06 00:00:00,2025/02/06 23:59:00,0
Grd_4019_10005,Crew_10225,XGOB,2025/02/07 08:00:00,2025/02/07 18:00:00,1
Grd_1544_10000,Crew_10227,XGOB,2025/02/02 00:00:00,2025/02/02 23:59:00,0
Grd_1544_10001,Crew_10227,XGOB,2025/02/03 00:00:00,2025/02/03 23:59:00,0
Grd_1544_10002,Crew_10227,XGOB,2025/02/04 00:00:00,2025/02/04 23:59:00,0
Grd_1544_10003,Crew_10227,XGOB,2025/02/05 00:00:00,2025/02/05 23:59:00,0
Grd_1544_10004,Crew_10227,XGOB,2025/02/06 00:00:00,2025/02/06 23:59:00,0
Grd_1544_10005,Crew_10227,XGOB,2025/02/07 00:00:00,2025/02/07 23:59:00,0
Grd_1544_10006,Crew_10227,XGOB,2025/02/08 08:00:00,2025/02/08 18:00:00,1
Grd_1106_10000,Crew_10230,XGOB,2025/02/02 08:00:00,2025/02/02 18:00:00,1
Grd_1106_10001,Crew_10230,XGOB,2025/02/03 08:00:00,2025/02/03 18:00:00,1
Grd_4089_10000,Crew_10231,XGOB,2025/02/04 00:00:00,2025/02/04 23:59:00,0
Grd_1626_10000,Crew_10235,UQLN,2025/02/07 08:00:00,2025/02/07 18:00:00,1
Grd_1113_10000,Crew_10236,XGOB,2025/02/07 08:00:00,2025/02/07 18:00:00,1
Grd_1113_10001,Crew_10236,XGOB,2025/02/08 08:00:00,2025/02/08 18:00:00,1
Grd_1030_10000,Crew_10237,XGOB,2025/02/06 00:00:00,2025/02/06 23:59:00,0
Grd_1030_10001,Crew_10237,XGOB,2025/02/08 08:00:00,2025/02/08 18:00:00,1
Grd_1685_10000,Crew_10245,XGOB,2025/02/02 00:00:00,2025/02/02 23:59:00,0
Grd_4011_10000,Crew_10248,XGOB,2025/02/07 08:00:00,2025/02/07 18:00:00,1
Grd_1328_10000,Crew_10252,XGOB,2025/02/06 08:00:00,2025/02/06 18:00:00,1
Grd_1328_10001,Crew_10252,XGOB,2025/02/07 08:00:00,2025/02/07 18:00:00,1
Grd_1322_10000,Crew_10254,XGOB,2025/02/06 08:00:00,2025/02/06 18:00:00,1
Grd_1322_10001,Crew_10254,XGOB,2025/02/07 08:00:00,2025/02/07 18:00:00,1
Grd_1322_10002,Crew_10254,XGOB,2025/02/08 08:00:00,2025/02/08 18:00:00,1
Grd_10598_10000,Crew_10257,XGOB,2025/02/02 00:00:00,2025/02/02 23:59:00,0
Grd_10598_10001,Crew_10257,XGOB,2025/02/03 00:00:00,2025/02/03 23:59:00,0
Grd_10598_10002,Crew_10257,XGOB,2025/02/04 00:00:00,2025/02/04 23:59:00,0
Grd_3098_10000,Crew_10260,XGOB,2025/02/03 08:00:00,2025/02/03 18:00:00,1
Grd_3098_10001,Crew_10260,XGOB,2025/02/04 08:00:00,2025/02/04 18:00:00,1
Grd_3098_10002,Crew_10260,XGOB,2025/02/05 08:00:00,2025/02/05 18:00:00,1
Grd_3098_10003,Crew_10260,XGOB,2025/02/06 08:00:00,2025/02/06 18:00:00,1
Grd_2087_10000,Crew_10261,XGOB,2025/02/02 00:00:00,2025/02/02 23:59:00,0
Grd_2087_10001,Crew_10261,XGOB,2025/02/07 08:00:00,2025/02/07 18:00:00,1
Grd_2421_10000,Crew_10262,UQLN,2025/02/02 00:00:00,2025/02/02 23:59:00,0
Grd_2421_10001,Crew_10262,UQLN,2025/02/03 00:00:00,2025/02/03 23:59:00,0
Grd_3107_10000,Crew_10264,XGOB,2025/02/06 08:00:00,2025/02/06 18:00:00,1
Grd_3100_10000,Crew_10265,XGOB,2025/02/06 00:00:00,2025/02/06 23:59:00,0
Grd_3100_10001,Crew_10265,XGOB,2025/02/07 08:00:00,2025/02/07 18:00:00,1
Grd_3100_10002,Crew_10265,XGOB,2025/02/08 00:00:00,2025/02/08 23:59:00,0
Grd_4064_10000,Crew_10268,XGOB,2025/02/06 08:00:00,2025/02/06 18:00:00,1
Grd_4064_10001,Crew_10268,XGOB,2025/02/07 08:00:00,2025/02/07 18:00:00,1
Grd_4064_10002,Crew_10268,XGOB,2025/02/08 08:00:00,2025/02/08 18:00:00,1
Grd_1114_10000,Crew_10269,XGOB,2025/02/02 00:00:00,2025/02/02 23:59:00,0
Grd_1114_10001,Crew_10269,XGOB,2025/02/03 00:00:00,2025/02/03 23:59:00,0
Grd_1114_10002,Crew_10269,XGOB,2025/02/04 00:00:00,2025/02/04 23:59:00,0
Grd_4090_10000,Crew_10270,XGOB,2025/02/02 00:00:00,2025/02/02 23:59:00,0
Grd_4027_10000,Crew_10272,XGOB,2025/02/02 00:00:00,2025/02/02 23:59:00,0
Grd_1712_10000,Crew_10273,XGOB,2025/02/07 08:00:00,2025/02/07 18:00:00,1
Grd_1366_10000,Crew_10274,XGOB,2025/02/07 08:00:00,2025/02/07 18:00:00,1
Grd_10482_10000,Crew_10281,XGOB,2025/02/02 00:00:00,2025/02/02 23:59:00,0
Grd_10482_10001,Crew_10281,XGOB,2025/02/03 00:00:00,2025/02/03 23:59:00,0
Grd_1991_10000,Crew_10284,XGOB,2025/02/02 08:00:00,2025/02/02 18:00:00,1
Grd_1991_10001,Crew_10284,XGOB,2025/02/03 08:00:00,2025/02/03 18:00:00,1
Grd_1991_10002,Crew_10284,XGOB,2025/02/04 08:00:00,2025/02/04 18:00:00,1
Grd_1756_10000,Crew_10287,XGOB,2025/02/02 08:00:00,2025/02/02 18:00:00,1
Grd_1756_10001,Crew_10287,XGOB,2025/02/04 08:00:00,2025/02/04 18:00:00,1
Grd_1756_10002,Crew_10287,XGOB,2025/02/05 08:00:00,2025/02/05 18:00:00,1
Grd_1756_10003,Crew_10287,XGOB,2025/02/06 08:00:00,2025/02/06 18:00:00,1
Grd_4095_10000,Crew_10291,XGOB,2025/02/05 08:00:00,2025/02/05 18:00:00,1
Grd_4095_10001,Crew_10291,XGOB,2025/02/06 08:00:00,2025/02/06 18:00:00,1
Grd_1162_10000,Crew_10292,XGOB,2025/02/03 00:00:00,2025/02/03 23:59:00,0
Grd_1162_10001,Crew_10292,XGOB,2025/02/04 00:00:00,2025/02/04 23:59:00,0
Grd_1162_10002,Crew_10292,XGOB,2025/02/05 00:00:00,2025/02/05 23:59:00,0
Grd_1162_10003,Crew_10292,XGOB,2025/02/06 00:00:00,2025/02/06 23:59:00,0
Grd_1162_10004,Crew_10292,XGOB,2025/02/07 08:00:00,2025/02/07 18:00:00,1
Grd_3018_10000,Crew_10294,XGOB,2025/02/05 00:00:00,2025/02/05 23:59:00,0
Grd_1096_10000,Crew_10297,XGOB,2025/02/08 08:00:00,2025/02/08 18:00:00,1
Grd_2379_10000,Crew_10298,XGOB,2025/02/07 08:00:00,2025/02/07 18:00:00,1
Grd_1012_10000,Crew_10304,XGOB,2025/02/02 08:00:00,2025/02/02 18:00:00,1
Grd_1012_10001,Crew_10304,XGOB,2025/02/03 08:00:00,2025/02/03 18:00:00,1
Grd_1012_10002,Crew_10304,XGOB,2025/02/04 08:00:00,2025/02/04 18:00:00,1
Grd_1012_10003,Crew_10304,XGOB,2025/02/05 08:00:00,2025/02/05 18:00:00,1
Grd_3104_10000,Crew_10305,XGOB,2025/02/04 08:00:00,2025/02/04 18:00:00,1
Grd_3104_10001,Crew_10305,XGOB,2025/02/05 08:00:00,2025/02/05 18:00:00,1
Grd_3104_10002,Crew_10305,XGOB,2025/02/06 08:00:00,2025/02/06 18:00:00,1
Grd_3104_10003,Crew_10305,XGOB,2025/02/07 08:00:00,2025/02/07 18:00:00,1
Grd_3104_10004,Crew_10305,XGOB,2025/02/08 08:00:00,2025/02/08 18:00:00,1
Grd_1620_10000,Crew_10306,UQLN,2025/02/05 08:00:00,2025/02/05 18:00:00,1
Grd_3041_10000,Crew_10309,XGOB,2025/02/02 08:00:00,2025/02/02 18:00:00,1
Grd_3041_10001,Crew_10309,XGOB,2025/02/03 08:00:00,2025/02/03 18:00:00,1
Grd_3041_10002,Crew_10309,XGOB,2025/02/04 08:00:00,2025/02/04 18:00:00,1
Grd_3041_10003,Crew_10309,XGOB,2025/02/05 08:00:00,2025/02/05 18:00:00,1
Grd_3041_10004,Crew_10309,XGOB,2025/02/06 08:00:00,2025/02/06 18:00:00,1
Grd_3041_10005,Crew_10309,XGOB,2025/02/07 08:00:00,2025/02/07 18:00:00,1
Grd_1202_10000,Crew_10310,XGOB,2025/02/07 08:00:00,2025/02/07 18:00:00,1
Grd_1202_10001,Crew_10310,XGOB,2025/02/08 08:00:00,2025/02/08 18:00:00,1
Grd_2387_10000,Crew_10313,UQLN,2025/02/07 08:00:00,2025/02/07 18:00:00,1
Grd_2355_10000,Crew_10320,SNFR,2025/02/02 00:00:00,2025/02/02 23:59:00,0
Grd_1323_10000,Crew_10322,SNFR,2025/02/02 08:00:00,2025/02/02 18:00:00,1
Grd_1524_10000,Crew_10323,XGOB,2025/02/05 08:00:00,2025/02/05 18:00:00,1
Grd_1524_10001,Crew_10323,XGOB,2025/02/06 08:00:00,2025/02/06 18:00:00,1
Grd_1524_10002,Crew_10323,XGOB,2025/02/07 08:00:00,2025/02/07 18:00:00,1
Grd_20_10000,Crew_10332,UQLN,2025/02/02 00:00:00,2025/02/02 23:59:00,0
Grd_20_10001,Crew_10332,UQLN,2025/02/03 00:00:00,2025/02/03 23:59:00,0
Grd_20_10002,Crew_10332,UQLN,2025/02/04 00:00:00,2025/02/04 23:59:00,0
Grd_20_10003,Crew_10332,UQLN,2025/02/05 00:00:00,2025/02/05 23:59:00,0
Grd_20_10004,Crew_10332,UQLN,2025/02/06 00:00:00,2025/02/06 23:59:00,0
Grd_20_10005,Crew_10332,UQLN,2025/02/07 00:00:00,2025/02/07 23:59:00,0
Grd_20_10006,Crew_10332,UQLN,2025/02/08 08:00:00,2025/02/08 18:00:00,1
Grd_1173_10000,Crew_10333,VBKF,2025/02/08 08:00:00,2025/02/08 18:00:00,1
Grd_1978_10000,Crew_10335,XGOB,2025/02/05 08:00:00,2025/02/05 18:00:00,1
Grd_1978_10001,Crew_10335,XGOB,2025/02/06 08:00:00,2025/02/06 18:00:00,1
Grd_1978_10002,Crew_10335,XGOB,2025/02/07 08:00:00,2025/02/07 18:00:00,1
Grd_3038_10000,Crew_10339,XGOB,2025/02/05 08:00:00,2025/02/05 18:00:00,1
Grd_3038_10001,Crew_10339,XGOB,2025/02/06 08:00:00,2025/02/06 18:00:00,1
Grd_3038_10002,Crew_10339,XGOB,2025/02/07 08:00:00,2025/02/07 18:00:00,1
Grd_3038_10003,Crew_10339,XGOB,2025/02/08 08:00:00,2025/02/08 18:00:00,1
Grd_1102_10000,Crew_10343,XGOB,2025/02/06 00:00:00,2025/02/06 23:59:00,0
Grd_1102_10001,Crew_10343,XGOB,2025/02/08 00:00:00,2025/02/08 23:59:00,0
Grd_2362_10000,Crew_10348,UQLN,2025/02/02 08:00:00,2025/02/02 18:00:00,1
Grd_2362_10001,Crew_10348,UQLN,2025/02/03 08:00:00,2025/02/03 18:00:00,1
Grd_2362_10002,Crew_10348,UQLN,2025/02/04 08:00:00,2025/02/04 18:00:00,1
Grd_2362_10003,Crew_10348,UQLN,2025/02/05 08:00:00,2025/02/05 18:00:00,1
Grd_2362_10004,Crew_10348,UQLN,2025/02/06 08:00:00,2025/02/06 18:00:00,1
Grd_2362_10005,Crew_10348,UQLN,2025/02/07 08:00:00,2025/02/07 18:00:00,1
Grd_1595_10000,Crew_10350,XGOB,2025/02/05 08:00:00,2025/02/05 18:00:00,1
Grd_1595_10001,Crew_10350,XGOB,2025/02/06 08:00:00,2025/02/06 18:00:00,1
Grd_1595_10002,Crew_10350,XGOB,2025/02/07 08:00:00,2025/02/07 18:00:00,1
Grd_3035_10000,Crew_10354,XGOB,2025/02/04 08:00:00,2025/02/04 18:00:00,1
Grd_3035_10001,Crew_10354,XGOB,2025/02/05 08:00:00,2025/02/05 18:00:00,1
Grd_1574_10000,Crew_10360,UQLN,2025/02/07 08:00:00,2025/02/07 18:00:00,1
Grd_1308_10000,Crew_10361,XGOB,2025/02/03 08:00:00,2025/02/03 18:00:00,1
Grd_1308_10001,Crew_10361,XGOB,2025/02/04 08:00:00,2025/02/04 18:00:00,1
Grd_1308_10002,Crew_10361,XGOB,2025/02/06 08:00:00,2025/02/06 18:00:00,1
Grd_1596_10000,Crew_10364,UQLN,2025/02/06 08:00:00,2025/02/06 18:00:00,1
Grd_3096_10000,Crew_10365,XGOB,2025/02/06 08:00:00,2025/02/06 18:00:00,1
Grd_1312_10000,Crew_10366,XGOB,2025/02/06 08:00:00,2025/02/06 18:00:00,1
Grd_1312_10001,Crew_10366,XGOB,2025/02/08 00:00:00,2025/02/08 23:59:00,0
Grd_1315_10000,Crew_10369,XGOB,2025/02/02 08:00:00,2025/02/02 18:00:00,1
Grd_1315_10001,Crew_10369,XGOB,2025/02/03 08:00:00,2025/02/03 18:00:00,1
Grd_1315_10002,Crew_10369,XGOB,2025/02/05 08:00:00,2025/02/05 18:00:00,1
Grd_1315_10003,Crew_10369,XGOB,2025/02/06 08:00:00,2025/02/06 18:00:00,1
Grd_1315_10004,Crew_10369,XGOB,2025/02/07 08:00:00,2025/02/07 18:00:00,1
Grd_1315_10005,Crew_10369,XGOB,2025/02/08 00:00:00,2025/02/08 23:59:00,0
Grd_4010_10000,Crew_10372,XGOB,2025/02/07 08:00:00,2025/02/07 18:00:00,1
Grd_4010_10001,Crew_10372,XGOB,2025/02/08 08:00:00,2025/02/08 18:00:00,1
Grd_1019_10000,Crew_10373,XGOB,2025/02/03 08:00:00,2025/02/03 18:00:00,1
Grd_1019_10001,Crew_10373,XGOB,2025/02/06 08:00:00,2025/02/06 18:00:00,1
Grd_1090_10000,Crew_10374,XGOB,2025/02/02 08:00:00,2025/02/02 18:00:00,1
Grd_1090_10001,Crew_10374,XGOB,2025/02/08 08:00:00,2025/02/08 18:00:00,1
Grd_23_10000,Crew_10375,UQLN,2025/02/02 00:00:00,2025/02/02 23:59:00,0
Grd_23_10001,Crew_10375,UQLN,2025/02/03 00:00:00,2025/02/03 23:59:00,0
Grd_23_10002,Crew_10375,UQLN,2025/02/04 00:00:00,2025/02/04 23:59:00,0
Grd_23_10003,Crew_10375,UQLN,2025/02/05 08:00:00,2025/02/05 18:00:00,1
Grd_23_10004,Crew_10375,UQLN,2025/02/06 00:00:00,2025/02/06 23:59:00,0
Grd_23_10005,Crew_10375,UQLN,2025/02/07 00:00:00,2025/02/07 23:59:00,0
Grd_23_10006,Crew_10375,UQLN,2025/02/08 00:00:00,2025/02/08 23:59:00,0
Grd_2090_10000,Crew_10378,GRIG,2025/02/02 00:00:00,2025/02/02 23:59:00,0
Grd_2090_10001,Crew_10378,GRIG,2025/02/03 00:00:00,2025/02/03 23:59:00,0
Grd_1611_10000,Crew_10379,XGOB,2025/02/07 08:00:00,2025/02/07 18:00:00,1
Grd_1669_10000,Crew_10382,UQLN,2025/02/05 08:00:00,2025/02/05 18:00:00,1
Grd_1321_10000,Crew_10383,XGOB,2025/02/05 08:00:00,2025/02/05 18:00:00,1
Grd_1321_10001,Crew_10383,XGOB,2025/02/06 08:00:00,2025/02/06 18:00:00,1
Grd_1321_10002,Crew_10383,XGOB,2025/02/07 08:00:00,2025/02/07 18:00:00,1
Grd_1321_10003,Crew_10383,XGOB,2025/02/08 08:00:00,2025/02/08 18:00:00,1
Grd_3103_10000,Crew_10386,GRIG,2025/02/05 08:00:00,2025/02/05 18:00:00,1
Grd_3103_10001,Crew_10386,GRIG,2025/02/06 08:00:00,2025/02/06 18:00:00,1
Grd_1129_10000,Crew_10393,XGOB,2025/02/02 00:00:00,2025/02/02 23:59:00,0
Grd_1129_10001,Crew_10393,XGOB,2025/02/03 00:00:00,2025/02/03 23:59:00,0
Grd_1129_10002,Crew_10393,XGOB,2025/02/04 00:00:00,2025/02/04 23:59:00,0
Grd_1129_10003,Crew_10393,XGOB,2025/02/05 00:00:00,2025/02/05 23:59:00,0
Grd_4092_10000,Crew_10394,XGOB,2025/02/02 00:00:00,2025/02/02 23:59:00,0
Grd_4098_10000,Crew_10396,XGOB,2025/02/06 00:00:00,2025/02/06 23:59:00,0
Grd_4098_10001,Crew_10396,XGOB,2025/02/07 08:00:00,2025/02/07 18:00:00,1
Grd_4094_10000,Crew_10397,XGOB,2025/02/02 08:00:00,2025/02/02 18:00:00,1
Grd_4094_10001,Crew_10397,XGOB,2025/02/03 08:00:00,2025/02/03 18:00:00,1
Grd_4094_10002,Crew_10397,XGOB,2025/02/04 08:00:00,2025/02/04 18:00:00,1
Grd_4094_10003,Crew_10397,XGOB,2025/02/05 08:00:00,2025/02/05 18:00:00,1
Grd_4094_10004,Crew_10397,XGOB,2025/02/06 08:00:00,2025/02/06 18:00:00,1
Grd_4094_10005,Crew_10397,XGOB,2025/02/07 08:00:00,2025/02/07 18:00:00,1
Grd_4094_10006,Crew_10397,XGOB,2025/02/08 08:00:00,2025/02/08 18:00:00,1
Grd_4135_10000,Crew_10398,XGOB,2025/02/07 08:00:00,2025/02/07 18:00:00,1
Grd_1094_10000,Crew_10402,XGOB,2025/02/08 08:00:00,2025/02/08 18:00:00,1
Grd_1970_10000,Crew_10405,UQLN,2025/02/06 08:00:00,2025/02/06 18:00:00,1
Grd_4086_10000,Crew_10406,SNFR,2025/02/02 00:00:00,2025/02/02 23:59:00,0
Grd_1092_10000,Crew_10407,XGOB,2025/02/06 08:00:00,2025/02/06 18:00:00,1
Grd_1092_10001,Crew_10407,XGOB,2025/02/07 08:00:00,2025/02/07 18:00:00,1
Grd_1092_10002,Crew_10407,XGOB,2025/02/08 08:00:00,2025/02/08 18:00:00,1
Grd_1961_10000,Crew_10409,UQLN,2025/02/02 00:00:00,2025/02/02 23:59:00,0
Grd_1961_10001,Crew_10409,UQLN,2025/02/03 00:00:00,2025/02/03 23:59:00,0
Grd_1961_10002,Crew_10409,UQLN,2025/02/05 08:00:00,2025/02/05 18:00:00,1
Grd_2577_10000,Crew_10412,XGOB,2025/02/03 00:00:00,2025/02/03 23:59:00,0
Grd_1015_10000,Crew_10414,XGOB,2025/02/02 08:00:00,2025/02/02 18:00:00,1
Grd_1015_10001,Crew_10414,XGOB,2025/02/03 08:00:00,2025/02/03 18:00:00,1
Grd_4085_10000,Crew_10415,XGOB,2025/02/02 08:00:00,2025/02/02 18:00:00,1
Grd_4085_10001,Crew_10415,XGOB,2025/02/03 08:00:00,2025/02/03 18:00:00,1
Grd_4085_10002,Crew_10415,XGOB,2025/02/04 08:00:00,2025/02/04 18:00:00,1
Grd_1080_10000,Crew_10417,XGOB,2025/02/02 08:00:00,2025/02/02 18:00:00,1
Grd_1080_10001,Crew_10417,XGOB,2025/02/05 08:00:00,2025/02/05 18:00:00,1
Grd_2429_10000,Crew_10421,XGOB,2025/02/02 08:00:00,2025/02/02 18:00:00,1
Grd_2429_10001,Crew_10421,XGOB,2025/02/03 08:00:00,2025/02/03 18:00:00,1
Grd_3029_10000,Crew_10424,UQLN,2025/02/05 08:00:00,2025/02/05 18:00:00,1
Grd_3029_10001,Crew_10424,UQLN,2025/02/08 08:00:00,2025/02/08 18:00:00,1
Grd_2017_10000,Crew_10425,XGOB,2025/02/06 00:00:00,2025/02/06 23:59:00,0
Grd_2017_10001,Crew_10425,XGOB,2025/02/07 00:00:00,2025/02/07 23:59:00,0
Grd_2017_10002,Crew_10425,XGOB,2025/02/08 08:00:00,2025/02/08 18:00:00,1
Grd_2324_10000,Crew_10426,XGOB,2025/02/08 08:00:00,2025/02/08 18:00:00,1
Grd_3093_10000,Crew_10428,XGOB,2025/02/02 08:00:00,2025/02/02 18:00:00,1
Grd_3093_10001,Crew_10428,XGOB,2025/02/03 08:00:00,2025/02/03 18:00:00,1
Grd_42713_10000,Crew_10429,SNFR,2025/02/03 08:00:00,2025/02/03 18:00:00,1
Grd_42713_10001,Crew_10429,SNFR,2025/02/04 08:00:00,2025/02/04 18:00:00,1
Grd_42713_10002,Crew_10429,SNFR,2025/02/05 08:00:00,2025/02/05 18:00:00,1
Grd_1070_10000,Crew_10433,UQLN,2025/02/02 08:00:00,2025/02/02 18:00:00,1
Grd_1070_10001,Crew_10433,UQLN,2025/02/03 08:00:00,2025/02/03 18:00:00,1
Grd_1070_10002,Crew_10433,UQLN,2025/02/04 08:00:00,2025/02/04 18:00:00,1
Grd_1070_10003,Crew_10433,UQLN,2025/02/07 08:00:00,2025/02/07 18:00:00,1
Grd_1089_10000,Crew_10434,XGOB,2025/02/08 08:00:00,2025/02/08 18:00:00,1
Grd_2337_10000,Crew_10437,GRIG,2025/02/05 08:00:00,2025/02/05 18:00:00,1
Grd_2337_10001,Crew_10437,GRIG,2025/02/06 08:00:00,2025/02/06 18:00:00,1
Grd_2337_10002,Crew_10437,GRIG,2025/02/07 08:00:00,2025/02/07 18:00:00,1
Grd_1076_10000,Crew_10438,UQLN,2025/02/08 08:00:00,2025/02/08 18:00:00,1
Grd_2340_10000,Crew_10441,UQLN,2025/02/06 08:00:00,2025/02/06 18:00:00,1
Grd_2340_10001,Crew_10441,UQLN,2025/02/07 08:00:00,2025/02/07 18:00:00,1
Grd_1265_10000,Crew_10444,XGOB,2025/02/02 08:00:00,2025/02/02 18:00:00,1
Grd_1265_10001,Crew_10444,XGOB,2025/02/08 08:00:00,2025/02/08 18:00:00,1
Grd_3092_10000,Crew_10446,XGOB,2025/02/04 00:00:00,2025/02/04 23:59:00,0
Grd_3092_10001,Crew_10446,XGOB,2025/02/06 00:00:00,2025/02/06 23:59:00,0
Grd_3092_10002,Crew_10446,XGOB,2025/02/07 00:00:00,2025/02/07 23:59:00,0
Grd_1088_10000,Crew_10447,XGOB,2025/02/02 08:00:00,2025/02/02 18:00:00,1
Grd_1535_10000,Crew_10449,UQLN,2025/02/06 08:00:00,2025/02/06 18:00:00,1
Grd_2716_10000,Crew_10450,XGOB,2025/02/07 08:00:00,2025/02/07 18:00:00,1
Grd_1564_10000,Crew_10458,UQLN,2025/02/03 00:00:00,2025/02/03 23:59:00,0
Grd_1068_10000,Crew_10459,UQLN,2025/02/02 08:00:00,2025/02/02 18:00:00,1
Grd_1585_10000,Crew_10463,XGOB,2025/02/02 08:00:00,2025/02/02 18:00:00,1
Grd_1585_10001,Crew_10463,XGOB,2025/02/03 08:00:00,2025/02/03 18:00:00,1
Grd_1585_10002,Crew_10463,XGOB,2025/02/04 08:00:00,2025/02/04 18:00:00,1
Grd_2228_10000,Crew_10465,XGOB,2025/02/07 08:00:00,2025/02/07 18:00:00,1
Grd_1303_10000,Crew_10471,XGOB,2025/02/02 00:00:00,2025/02/02 23:59:00,0
Grd_1303_10001,Crew_10471,XGOB,2025/02/03 00:00:00,2025/02/03 23:59:00,0
Grd_1303_10002,Crew_10471,XGOB,2025/02/04 00:00:00,2025/02/04 23:59:00,0
Grd_2308_10000,Crew_10473,UQLN,2025/02/07 08:00:00,2025/02/07 18:00:00,1
Grd_1263_10000,Crew_10476,XGOB,2025/02/02 08:00:00,2025/02/02 18:00:00,1
Grd_1263_10001,Crew_10476,XGOB,2025/02/03 08:00:00,2025/02/03 18:00:00,1
Grd_1925_10000,Crew_10481,XGOB,2025/02/04 08:00:00,2025/02/04 18:00:00,1
Grd_2266_10000,Crew_10482,XGOB,2025/02/02 00:00:00,2025/02/02 23:59:00,0
Grd_2683_10000,Crew_10486,XGOB,2025/02/06 08:00:00,2025/02/06 18:00:00,1
Grd_30_10000,Crew_10487,XGOB,2025/02/02 08:00:00,2025/02/02 18:00:00,1
Grd_30_10001,Crew_10487,XGOB,2025/02/03 08:00:00,2025/02/03 18:00:00,1
Grd_30_10002,Crew_10487,XGOB,2025/02/04 08:00:00,2025/02/04 18:00:00,1
Grd_30_10003,Crew_10487,XGOB,2025/02/05 08:00:00,2025/02/05 18:00:00,1
Grd_30_10004,Crew_10487,XGOB,2025/02/06 08:00:00,2025/02/06 18:00:00,1
Grd_30_10005,Crew_10487,XGOB,2025/02/07 08:00:00,2025/02/07 18:00:00,1
Grd_30_10006,Crew_10487,XGOB,2025/02/08 08:00:00,2025/02/08 18:00:00,1
Grd_1548_10000,Crew_10488,XGOB,2025/02/06 08:00:00,2025/02/06 18:00:00,1
Grd_1548_10001,Crew_10488,XGOB,2025/02/07 08:00:00,2025/02/07 18:00:00,1
Grd_1548_10002,Crew_10488,XGOB,2025/02/08 08:00:00,2025/02/08 18:00:00,1
Grd_1461_10000,Crew_10489,XGOB,2025/02/02 00:00:00,2025/02/02 23:59:00,0
Grd_1461_10001,Crew_10489,XGOB,2025/02/03 00:00:00,2025/02/03 23:59:00,0
Grd_1461_10002,Crew_10489,XGOB,2025/02/04 00:00:00,2025/02/04 23:59:00,0
Grd_1461_10003,Crew_10489,XGOB,2025/02/05 00:00:00,2025/02/05 23:59:00,0
Grd_1461_10004,Crew_10489,XGOB,2025/02/06 00:00:00,2025/02/06 23:59:00,0
Grd_1461_10005,Crew_10489,XGOB,2025/02/07 00:00:00,2025/02/07 23:59:00,0
Grd_1461_10006,Crew_10489,XGOB,2025/02/08 08:00:00,2025/02/08 18:00:00,1
Grd_1929_10000,Crew_10506,XGOB,2025/02/07 08:00:00,2025/02/07 18:00:00,1
Grd_2300_10000,Crew_10510,UQLN,2025/02/06 08:00:00,2025/02/06 18:00:00,1
Grd_4112_10000,Crew_10515,XGOB,2025/02/06 00:00:00,2025/02/06 23:59:00,0
Grd_4112_10001,Crew_10515,XGOB,2025/02/07 08:00:00,2025/02/07 18:00:00,1
Grd_4112_10002,Crew_10515,XGOB,2025/02/08 08:00:00,2025/02/08 18:00:00,1
Grd_1213_10000,Crew_10517,XGOB,2025/02/04 00:00:00,2025/02/04 23:59:00,0
Grd_1213_10001,Crew_10517,XGOB,2025/02/05 00:00:00,2025/02/05 23:59:00,0
Grd_1213_10002,Crew_10517,XGOB,2025/02/06 00:00:00,2025/02/06 23:59:00,0
Grd_1213_10003,Crew_10517,XGOB,2025/02/07 00:00:00,2025/02/07 23:59:00,0
Grd_1213_10004,Crew_10517,XGOB,2025/02/08 00:00:00,2025/02/08 23:59:00,0
Grd_1912_10000,Crew_10519,XGOB,2025/02/02 08:00:00,2025/02/02 18:00:00,1
Grd_1912_10001,Crew_10519,XGOB,2025/02/03 08:00:00,2025/02/03 18:00:00,1
Grd_1912_10002,Crew_10519,XGOB,2025/02/04 08:00:00,2025/02/04 18:00:00,1
Grd_1264_10000,Crew_10520,XGOB,2025/02/06 08:00:00,2025/02/06 18:00:00,1
Grd_1264_10001,Crew_10520,XGOB,2025/02/07 08:00:00,2025/02/07 18:00:00,1
Grd_10252_10000,Crew_10527,XGOB,2025/02/07 00:00:00,2025/02/07 23:59:00,0
Grd_10252_10001,Crew_10527,XGOB,2025/02/08 00:00:00,2025/02/08 23:59:00,0
Grd_1071_10000,Crew_10529,XGOB,2025/02/02 08:00:00,2025/02/02 18:00:00,1
Grd_1071_10001,Crew_10529,XGOB,2025/02/03 08:00:00,2025/02/03 18:00:00,1
Grd_1071_10002,Crew_10529,XGOB,2025/02/04 08:00:00,2025/02/04 18:00:00,1
Grd_1071_10003,Crew_10529,XGOB,2025/02/06 00:00:00,2025/02/06 23:59:00,0
Grd_1071_10004,Crew_10529,XGOB,2025/02/08 00:00:00,2025/02/08 23:59:00,0
Grd_1807_10000,Crew_10530,UQLN,2025/02/07 08:00:00,2025/02/07 18:00:00,1
Grd_1079_10000,Crew_10537,UQLN,2025/02/07 08:00:00,2025/02/07 18:00:00,1
Grd_2649_10000,Crew_10542,XGOB,2025/02/02 08:00:00,2025/02/02 18:00:00,1
Grd_2649_10001,Crew_10542,XGOB,2025/02/03 08:00:00,2025/02/03 18:00:00,1
Grd_1271_10000,Crew_10548,XGOB,2025/02/02 00:00:00,2025/02/02 23:59:00,0
Grd_1271_10001,Crew_10548,XGOB,2025/02/03 00:00:00,2025/02/03 23:59:00,0
Grd_1271_10002,Crew_10548,XGOB,2025/02/06 00:00:00,2025/02/06 23:59:00,0
Grd_1271_10003,Crew_10548,XGOB,2025/02/07 00:00:00,2025/02/07 23:59:00,0
Grd_1271_10004,Crew_10548,XGOB,2025/02/08 00:00:00,2025/02/08 23:59:00,0
Grd_34_10000,Crew_10549,XGOB,2025/02/02 08:00:00,2025/02/02 18:00:00,1
Grd_34_10001,Crew_10549,XGOB,2025/02/03 08:00:00,2025/02/03 18:00:00,1
Grd_34_10002,Crew_10549,XGOB,2025/02/04 08:00:00,2025/02/04 18:00:00,1
Grd_34_10003,Crew_10549,XGOB,2025/02/05 08:00:00,2025/02/05 18:00:00,1
Grd_34_10004,Crew_10549,XGOB,2025/02/06 08:00:00,2025/02/06 18:00:00,1
Grd_34_10005,Crew_10549,XGOB,2025/02/07 08:00:00,2025/02/07 18:00:00,1
Grd_34_10006,Crew_10549,XGOB,2025/02/08 08:00:00,2025/02/08 18:00:00,1
Grd_1646_10000,Crew_10551,XGOB,2025/02/02 00:00:00,2025/02/02 23:59:00,0
Grd_1526_10000,Crew_10552,XGOB,2025/02/06 00:00:00,2025/02/06 23:59:00,0
Grd_1526_10001,Crew_10552,XGOB,2025/02/08 08:00:00,2025/02/08 18:00:00,1
Grd_2321_10000,Crew_10553,XGOB,2025/02/03 08:00:00,2025/02/03 18:00:00,1
Grd_2276_10000,Crew_10562,GRIG,2025/02/08 08:00:00,2025/02/08 18:00:00,1
Grd_2371_10000,Crew_10565,XGOB,2025/02/03 08:00:00,2025/02/03 18:00:00,1
Grd_2371_10001,Crew_10565,XGOB,2025/02/04 08:00:00,2025/02/04 18:00:00,1
Grd_2371_10002,Crew_10565,XGOB,2025/02/05 08:00:00,2025/02/05 18:00:00,1
Grd_1537_10000,Crew_10569,XGOB,2025/02/06 08:00:00,2025/02/06 18:00:00,1
Grd_1537_10001,Crew_10569,XGOB,2025/02/07 08:00:00,2025/02/07 18:00:00,1
Grd_1537_10002,Crew_10569,XGOB,2025/02/08 08:00:00,2025/02/08 18:00:00,1
Grd_1268_10000,Crew_10571,UQLN,2025/02/02 00:00:00,2025/02/02 23:59:00,0
Grd_1268_10001,Crew_10571,UQLN,2025/02/03 00:00:00,2025/02/03 23:59:00,0
Grd_1268_10002,Crew_10571,UQLN,2025/02/04 00:00:00,2025/02/04 23:59:00,0
Grd_1268_10003,Crew_10571,UQLN,2025/02/05 00:00:00,2025/02/05 23:59:00,0
Grd_1268_10004,Crew_10571,UQLN,2025/02/06 00:00:00,2025/02/06 23:59:00,0
Grd_1268_10005,Crew_10571,UQLN,2025/02/07 08:00:00,2025/02/07 18:00:00,1
Grd_1268_10006,Crew_10571,UQLN,2025/02/08 08:00:00,2025/02/08 18:00:00,1
Grd_1451_10000,Crew_10579,UQLN,2025/02/05 08:00:00,2025/02/05 18:00:00,1
Grd_1523_10000,Crew_10587,SNFR,2025/02/05 00:00:00,2025/02/05 23:59:00,0
Grd_1879_10000,Crew_10592,VTIR,2025/02/08 08:00:00,2025/02/08 18:00:00,1
Grd_37_10000,Crew_10595,XGOB,2025/02/02 00:00:00,2025/02/02 23:59:00,0
Grd_37_10001,Crew_10595,XGOB,2025/02/03 00:00:00,2025/02/03 23:59:00,0
Grd_37_10002,Crew_10595,XGOB,2025/02/04 08:00:00,2025/02/04 18:00:00,1
Grd_37_10003,Crew_10595,XGOB,2025/02/05 08:00:00,2025/02/05 18:00:00,1
Grd_37_10004,Crew_10595,XGOB,2025/02/06 08:00:00,2025/02/06 18:00:00,1
Grd_37_10005,Crew_10595,XGOB,2025/02/07 00:00:00,2025/02/07 23:59:00,0
Grd_37_10006,Crew_10595,XGOB,2025/02/08 08:00:00,2025/02/08 18:00:00,1
Grd_1892_10000,Crew_10596,UQLN,2025/02/08 08:00:00,2025/02/08 18:00:00,1
Grd_1887_10000,Crew_10606,GRIG,2025/02/08 00:00:00,2025/02/08 23:59:00,0
Grd_1534_10000,Crew_10608,UQLN,2025/02/05 08:00:00,2025/02/05 18:00:00,1
Grd_1533_10000,Crew_10613,XGOB,2025/02/05 00:00:00,2025/02/05 23:59:00,0
Grd_2085_10000,Crew_10617,XGOB,2025/02/07 08:00:00,2025/02/07 18:00:00,1
Grd_1689_10000,Crew_10629,XGOB,2025/02/06 00:00:00,2025/02/06 23:59:00,0
Grd_1689_10001,Crew_10629,XGOB,2025/02/08 00:00:00,2025/02/08 23:59:00,0
Grd_10260_10000,Crew_10630,XGOB,2025/02/08 00:00:00,2025/02/08 23:59:00,0
Grd_10185_10000,Crew_10631,XGOB,2025/02/02 08:00:00,2025/02/02 18:00:00,1
Grd_2186_10000,Crew_10632,XGOB,2025/02/08 00:00:00,2025/02/08 23:59:00,0
Grd_1256_10000,Crew_10636,UQLN,2025/02/06 08:00:00,2025/02/06 18:00:00,1
Grd_1258_10000,Crew_10638,XGOB,2025/02/05 08:00:00,2025/02/05 18:00:00,1
Grd_1498_10000,Crew_10639,GRIG,2025/02/02 08:00:00,2025/02/02 18:00:00,1
Grd_1498_10001,Crew_10639,GRIG,2025/02/03 08:00:00,2025/02/03 18:00:00,1
Grd_1498_10002,Crew_10639,GRIG,2025/02/04 08:00:00,2025/02/04 18:00:00,1
Grd_1498_10003,Crew_10639,GRIG,2025/02/05 08:00:00,2025/02/05 18:00:00,1
Grd_1498_10004,Crew_10639,GRIG,2025/02/06 08:00:00,2025/02/06 18:00:00,1
Grd_1498_10005,Crew_10639,GRIG,2025/02/07 08:00:00,2025/02/07 18:00:00,1
Grd_1498_10006,Crew_10639,GRIG,2025/02/08 08:00:00,2025/02/08 18:00:00,1
Grd_1063_10000,Crew_10640,XGOB,2025/02/02 08:00:00,2025/02/02 18:00:00,1
Grd_1063_10001,Crew_10640,XGOB,2025/02/03 08:00:00,2025/02/03 18:00:00,1
Grd_1063_10002,Crew_10640,XGOB,2025/02/04 08:00:00,2025/02/04 18:00:00,1
Grd_1063_10003,Crew_10640,XGOB,2025/02/05 08:00:00,2025/02/05 18:00:00,1
Grd_1063_10004,Crew_10640,XGOB,2025/02/06 00:00:00,2025/02/06 23:59:00,0
Grd_1278_10000,Crew_10641,XGOB,2025/02/07 08:00:00,2025/02/07 18:00:00,1
Grd_2200_10000,Crew_10648,XGOB,2025/02/04 00:00:00,2025/02/04 23:59:00,0
Grd_1280_10000,Crew_10652,XGOB,2025/02/02 08:00:00,2025/02/02 18:00:00,1
Grd_1280_10001,Crew_10652,XGOB,2025/02/03 08:00:00,2025/02/03 18:00:00,1
Grd_1280_10002,Crew_10652,XGOB,2025/02/04 08:00:00,2025/02/04 18:00:00,1
Grd_1280_10003,Crew_10652,XGOB,2025/02/05 08:00:00,2025/02/05 18:00:00,1
Grd_1280_10004,Crew_10652,XGOB,2025/02/06 08:00:00,2025/02/06 18:00:00,1
Grd_1280_10005,Crew_10652,XGOB,2025/02/07 08:00:00,2025/02/07 18:00:00,1
Grd_1280_10006,Crew_10652,XGOB,2025/02/08 08:00:00,2025/02/08 18:00:00,1
Grd_1421_10000,Crew_10654,XGOB,2025/02/05 00:00:00,2025/02/05 23:59:00,0
Grd_1421_10001,Crew_10654,XGOB,2025/02/06 00:00:00,2025/02/06 23:59:00,0
Grd_1421_10002,Crew_10654,XGOB,2025/02/07 00:00:00,2025/02/07 23:59:00,0
Grd_1421_10003,Crew_10654,XGOB,2025/02/08 00:00:00,2025/02/08 23:59:00,0
Grd_1232_10000,Crew_10658,XGOB,2025/02/07 08:00:00,2025/02/07 18:00:00,1
Grd_1279_10000,Crew_10659,XGOB,2025/02/07 08:00:00,2025/02/07 18:00:00,1
Grd_1279_10001,Crew_10659,XGOB,2025/02/08 08:00:00,2025/02/08 18:00:00,1
Grd_3122_10000,Crew_10660,XGOB,2025/02/06 00:00:00,2025/02/06 23:59:00,0
Grd_3122_10001,Crew_10660,XGOB,2025/02/07 00:00:00,2025/02/07 23:59:00,0
Grd_3122_10002,Crew_10660,XGOB,2025/02/08 00:00:00,2025/02/08 23:59:00,0
Grd_1476_10000,Crew_10661,XGOB,2025/02/02 00:00:00,2025/02/02 23:59:00,0
Grd_1476_10001,Crew_10661,XGOB,2025/02/03 00:00:00,2025/02/03 23:59:00,0
Grd_1476_10002,Crew_10661,XGOB,2025/02/07 00:00:00,2025/02/07 23:59:00,0
Grd_2746_10000,Crew_10663,XGOB,2025/02/05 08:00:00,2025/02/05 18:00:00,1
Grd_2746_10001,Crew_10663,XGOB,2025/02/06 08:00:00,2025/02/06 18:00:00,1
Grd_2746_10002,Crew_10663,XGOB,2025/02/07 08:00:00,2025/02/07 18:00:00,1
Grd_1854_10000,Crew_10668,VBKF,2025/02/06 08:00:00,2025/02/06 18:00:00,1
Grd_1854_10001,Crew_10668,VBKF,2025/02/07 08:00:00,2025/02/07 18:00:00,1
Grd_1854_10002,Crew_10668,VBKF,2025/02/08 08:00:00,2025/02/08 18:00:00,1
Grd_1281_10000,Crew_10673,XGOB,2025/02/08 08:00:00,2025/02/08 18:00:00,1
Grd_1834_10000,Crew_10676,UQLN,2025/02/02 08:00:00,2025/02/02 18:00:00,1
Grd_1834_10001,Crew_10676,UQLN,2025/02/03 08:00:00,2025/02/03 18:00:00,1
Grd_39_10000,Crew_10685,XGOB,2025/02/02 08:00:00,2025/02/02 18:00:00,1
Grd_39_10001,Crew_10685,XGOB,2025/02/03 08:00:00,2025/02/03 18:00:00,1
Grd_39_10002,Crew_10685,XGOB,2025/02/04 08:00:00,2025/02/04 18:00:00,1
Grd_39_10003,Crew_10685,XGOB,2025/02/05 08:00:00,2025/02/05 18:00:00,1
Grd_39_10004,Crew_10685,XGOB,2025/02/06 08:00:00,2025/02/06 18:00:00,1
Grd_39_10005,Crew_10685,XGOB,2025/02/07 08:00:00,2025/02/07 18:00:00,1
Grd_39_10006,Crew_10685,XGOB,2025/02/08 08:00:00,2025/02/08 18:00:00,1
Grd_1465_10000,Crew_10686,VTIR,2025/02/06 08:00:00,2025/02/06 18:00:00,1
Grd_1465_10001,Crew_10686,VTIR,2025/02/08 08:00:00,2025/02/08 18:00:00,1
Grd_40_10000,Crew_10688,XGOB,2025/02/02 08:00:00,2025/02/02 18:00:00,1
Grd_40_10001,Crew_10688,XGOB,2025/02/03 08:00:00,2025/02/03 18:00:00,1
Grd_40_10002,Crew_10688,XGOB,2025/02/04 08:00:00,2025/02/04 18:00:00,1
Grd_40_10003,Crew_10688,XGOB,2025/02/05 08:00:00,2025/02/05 18:00:00,1
Grd_40_10004,Crew_10688,XGOB,2025/02/06 08:00:00,2025/02/06 18:00:00,1
Grd_40_10005,Crew_10688,XGOB,2025/02/07 08:00:00,2025/02/07 18:00:00,1
Grd_40_10006,Crew_10688,XGOB,2025/02/08 08:00:00,2025/02/08 18:00:00,1
Grd_1490_10000,Crew_10690,XGOB,2025/02/08 08:00:00,2025/02/08 18:00:00,1
Grd_4125_10000,Crew_10692,XGOB,2025/02/08 00:00:00,2025/02/08 23:59:00,0
Grd_1875_10000,Crew_10698,XGOB,2025/02/07 00:00:00,2025/02/07 23:59:00,0
Grd_1847_10000,Crew_10699,GRIG,2025/02/08 08:00:00,2025/02/08 18:00:00,1
Grd_1837_10000,Crew_10700,GRIG,2025/02/08 08:00:00,2025/02/08 18:00:00,1
Grd_1835_10000,Crew_10702,UQLN,2025/02/07 08:00:00,2025/02/07 18:00:00,1
Grd_1492_10000,Crew_10703,XGOB,2025/02/03 00:00:00,2025/02/03 23:59:00,0
Grd_3131_10000,Crew_10704,UQLN,2025/02/05 08:00:00,2025/02/05 18:00:00,1
Grd_1826_10000,Crew_10706,XGOB,2025/02/07 08:00:00,2025/02/07 18:00:00,1
Grd_42_10000,Crew_10707,XGOB,2025/02/02 08:00:00,2025/02/02 18:00:00,1
Grd_42_10001,Crew_10707,XGOB,2025/02/03 08:00:00,2025/02/03 18:00:00,1
Grd_42_10002,Crew_10707,XGOB,2025/02/04 08:00:00,2025/02/04 18:00:00,1
Grd_42_10003,Crew_10707,XGOB,2025/02/05 08:00:00,2025/02/05 18:00:00,1
Grd_42_10004,Crew_10707,XGOB,2025/02/06 08:00:00,2025/02/06 18:00:00,1
Grd_42_10005,Crew_10707,XGOB,2025/02/07 08:00:00,2025/02/07 18:00:00,1
Grd_42_10006,Crew_10707,XGOB,2025/02/08 08:00:00,2025/02/08 18:00:00,1
Grd_3128_10000,Crew_10710,UQLN,2025/02/05 08:00:00,2025/02/05 18:00:00,1
Grd_3128_10001,Crew_10710,UQLN,2025/02/06 08:00:00,2025/02/06 18:00:00,1
Grd_3128_10002,Crew_10710,UQLN,2025/02/07 08:00:00,2025/02/07 18:00:00,1
Grd_1783_10000,Crew_10712,XGOB,2025/02/03 00:00:00,2025/02/03 23:59:00,0
Grd_1783_10001,Crew_10712,XGOB,2025/02/04 00:00:00,2025/02/04 23:59:00,0
Grd_1783_10002,Crew_10712,XGOB,2025/02/05 00:00:00,2025/02/05 23:59:00,0
Grd_1783_10003,Crew_10712,XGOB,2025/02/06 08:00:00,2025/02/06 18:00:00,1
Grd_1783_10004,Crew_10712,XGOB,2025/02/07 00:00:00,2025/02/07 23:59:00,0
Grd_1783_10005,Crew_10712,XGOB,2025/02/08 00:00:00,2025/02/08 23:59:00,0
Grd_1177_10000,Crew_10719,VBKF,2025/02/06 00:00:00,2025/02/06 23:59:00,0
Grd_1840_10000,Crew_10727,UQLN,2025/02/07 00:00:00,2025/02/07 23:59:00,0
Grd_1840_10001,Crew_10727,UQLN,2025/02/08 00:00:00,2025/02/08 23:59:00,0
Grd_1608_10000,Crew_10728,XGOB,2025/02/05 00:00:00,2025/02/05 23:59:00,0
Grd_1803_10000,Crew_10729,VTIR,2025/02/08 00:00:00,2025/02/08 23:59:00,0
Grd_2050_10000,Crew_10741,XGOB,2025/02/08 00:00:00,2025/02/08 23:59:00,0
Grd_1446_10000,Crew_10742,XGOB,2025/02/06 00:00:00,2025/02/06 23:59:00,0
Grd_2232_10000,Crew_10745,UQLN,2025/02/06 08:00:00,2025/02/06 18:00:00,1
Grd_1475_10000,Crew_10746,VTIR,2025/02/07 08:00:00,2025/02/07 18:00:00,1
Grd_3119_10000,Crew_10748,XGOB,2025/02/02 00:00:00,2025/02/02 23:59:00,0
Grd_3119_10001,Crew_10748,XGOB,2025/02/03 00:00:00,2025/02/03 23:59:00,0
Grd_3119_10002,Crew_10748,XGOB,2025/02/04 00:00:00,2025/02/04 23:59:00,0
Grd_1842_10000,Crew_10752,GRIG,2025/02/08 08:00:00,2025/02/08 18:00:00,1
Grd_1773_10000,Crew_10753,XGOB,2025/02/02 00:00:00,2025/02/02 23:59:00,0
Grd_1179_10000,Crew_10758,XGOB,2025/02/02 00:00:00,2025/02/02 23:59:00,0
Grd_1179_10001,Crew_10758,XGOB,2025/02/03 00:00:00,2025/02/03 23:59:00,0
Grd_1179_10002,Crew_10758,XGOB,2025/02/06 08:00:00,2025/02/06 18:00:00,1
Grd_1479_10000,Crew_10759,XGOB,2025/02/02 08:00:00,2025/02/02 18:00:00,1
Grd_1479_10001,Crew_10759,XGOB,2025/02/08 08:00:00,2025/02/08 18:00:00,1
Grd_1201_10000,Crew_10761,XGOB,2025/02/06 08:00:00,2025/02/06 18:00:00,1
Grd_1201_10001,Crew_10761,XGOB,2025/02/07 08:00:00,2025/02/07 18:00:00,1
Grd_1201_10002,Crew_10761,XGOB,2025/02/08 00:00:00,2025/02/08 23:59:00,0
Grd_2281_10000,Crew_10765,XGOB,2025/02/02 08:00:00,2025/02/02 18:00:00,1
Grd_2281_10001,Crew_10765,XGOB,2025/02/03 08:00:00,2025/02/03 18:00:00,1
Grd_2281_10002,Crew_10765,XGOB,2025/02/04 08:00:00,2025/02/04 18:00:00,1
Grd_2281_10003,Crew_10765,XGOB,2025/02/05 08:00:00,2025/02/05 18:00:00,1
Grd_2281_10004,Crew_10765,XGOB,2025/02/06 08:00:00,2025/02/06 18:00:00,1
Grd_2281_10005,Crew_10765,XGOB,2025/02/07 08:00:00,2025/02/07 18:00:00,1
Grd_2281_10006,Crew_10765,XGOB,2025/02/08 08:00:00,2025/02/08 18:00:00,1
Grd_2227_10000,Crew_10766,UQLN,2025/02/05 08:00:00,2025/02/05 18:00:00,1
Grd_1818_10000,Crew_10772,XGOB,2025/02/04 08:00:00,2025/02/04 18:00:00,1
Grd_1818_10001,Crew_10772,XGOB,2025/02/05 08:00:00,2025/02/05 18:00:00,1
Grd_1818_10002,Crew_10772,XGOB,2025/02/06 08:00:00,2025/02/06 18:00:00,1
Grd_1802_10000,Crew_10775,XGOB,2025/02/06 08:00:00,2025/02/06 18:00:00,1
Grd_1802_10001,Crew_10775,XGOB,2025/02/08 00:00:00,2025/02/08 23:59:00,0
Grd_3127_10000,Crew_10777,XGOB,2025/02/02 08:00:00,2025/02/02 18:00:00,1
Grd_3127_10001,Crew_10777,XGOB,2025/02/04 08:00:00,2025/02/04 18:00:00,1
Grd_3127_10002,Crew_10777,XGOB,2025/02/05 08:00:00,2025/02/05 18:00:00,1
Grd_1187_10000,Crew_10778,XGOB,2025/02/08 08:00:00,2025/02/08 18:00:00,1
Grd_1485_10000,Crew_10782,XGOB,2025/02/02 08:00:00,2025/02/02 18:00:00,1
Grd_1485_10001,Crew_10782,XGOB,2025/02/03 08:00:00,2025/02/03 18:00:00,1
Grd_1485_10002,Crew_10782,XGOB,2025/02/06 00:00:00,2025/02/06 23:59:00,0
Grd_4115_10000,Crew_10783,UQLN,2025/02/06 08:00:00,2025/02/06 18:00:00,1
Grd_2204_10000,Crew_10788,GRIG,2025/02/02 00:00:00,2025/02/02 23:59:00,0
Grd_2204_10001,Crew_10788,GRIG,2025/02/03 00:00:00,2025/02/03 23:59:00,0
Grd_2204_10002,Crew_10788,GRIG,2025/02/04 00:00:00,2025/02/04 23:59:00,0
Grd_2204_10003,Crew_10788,GRIG,2025/02/05 00:00:00,2025/02/05 23:59:00,0
Grd_1814_10000,Crew_10794,XGOB,2025/02/07 00:00:00,2025/02/07 23:59:00,0
Grd_11838_10000,Crew_10797,XGOB,2025/02/02 08:00:00,2025/02/02 18:00:00,1
Grd_11838_10001,Crew_10797,XGOB,2025/02/03 08:00:00,2025/02/03 18:00:00,1
Grd_11838_10002,Crew_10797,XGOB,2025/02/04 08:00:00,2025/02/04 18:00:00,1
Grd_11838_10003,Crew_10797,XGOB,2025/02/05 08:00:00,2025/02/05 18:00:00,1
Grd_11838_10004,Crew_10797,XGOB,2025/02/06 08:00:00,2025/02/06 18:00:00,1
Grd_11838_10005,Crew_10797,XGOB,2025/02/07 08:00:00,2025/02/07 18:00:00,1
Grd_11838_10006,Crew_10797,XGOB,2025/02/08 08:00:00,2025/02/08 18:00:00,1
Grd_2043_10000,Crew_10798,XGOB,2025/02/06 00:00:00,2025/02/06 23:59:00,0
Grd_1436_10000,Crew_10800,XGOB,2025/02/03 08:00:00,2025/02/03 18:00:00,1
Grd_1436_10001,Crew_10800,XGOB,2025/02/04 08:00:00,2025/02/04 18:00:00,1
Grd_1436_10002,Crew_10800,XGOB,2025/02/05 08:00:00,2025/02/05 18:00:00,1
Grd_1436_10003,Crew_10800,XGOB,2025/02/06 00:00:00,2025/02/06 23:59:00,0
Grd_1436_10004,Crew_10800,XGOB,2025/02/07 00:00:00,2025/02/07 23:59:00,0
Grd_1436_10005,Crew_10800,XGOB,2025/02/08 08:00:00,2025/02/08 18:00:00,1
Grd_1190_10000,Crew_10802,XGOB,2025/02/02 08:00:00,2025/02/02 18:00:00,1
Grd_1190_10001,Crew_10802,XGOB,2025/02/03 08:00:00,2025/02/03 18:00:00,1
Grd_1190_10002,Crew_10802,XGOB,2025/02/04 08:00:00,2025/02/04 18:00:00,1
Grd_1190_10003,Crew_10802,XGOB,2025/02/06 00:00:00,2025/02/06 23:59:00,0
Grd_1190_10004,Crew_10802,XGOB,2025/02/08 00:00:00,2025/02/08 23:59:00,0
Grd_1808_10000,Crew_10803,XGOB,2025/02/02 08:00:00,2025/02/02 18:00:00,1
Grd_1808_10001,Crew_10803,XGOB,2025/02/03 08:00:00,2025/02/03 18:00:00,1
Grd_1777_10000,Crew_10804,XGOB,2025/02/02 00:00:00,2025/02/02 23:59:00,0
Grd_1777_10001,Crew_10804,XGOB,2025/02/03 00:00:00,2025/02/03 23:59:00,0
Grd_1196_10000,Crew_10806,XGOB,2025/02/02 00:00:00,2025/02/02 23:59:00,0
Grd_1196_10001,Crew_10806,XGOB,2025/02/03 00:00:00,2025/02/03 23:59:00,0
Grd_1196_10002,Crew_10806,XGOB,2025/02/04 00:00:00,2025/02/04 23:59:00,0
Grd_1196_10003,Crew_10806,XGOB,2025/02/05 00:00:00,2025/02/05 23:59:00,0
Grd_1196_10004,Crew_10806,XGOB,2025/02/06 00:00:00,2025/02/06 23:59:00,0
Grd_1196_10005,Crew_10806,XGOB,2025/02/07 08:00:00,2025/02/07 18:00:00,1
Grd_1778_10000,Crew_10808,XGOB,2025/02/06 00:00:00,2025/02/06 23:59:00,0
Grd_1778_10001,Crew_10808,XGOB,2025/02/08 00:00:00,2025/02/08 23:59:00,0
Grd_1787_10000,Crew_10809,SNFR,2025/02/06 08:00:00,2025/02/06 18:00:00,1
Grd_1787_10001,Crew_10809,SNFR,2025/02/07 08:00:00,2025/02/07 18:00:00,1
Grd_1771_10000,Crew_10810,XGOB,2025/02/07 08:00:00,2025/02/07 18:00:00,1
Grd_1771_10001,Crew_10810,XGOB,2025/02/08 00:00:00,2025/02/08 23:59:00,0
Grd_4121_10000,Crew_10813,UQLN,2025/02/06 08:00:00,2025/02/06 18:00:00,1
Grd_1178_10000,Crew_10815,XGOB,2025/02/03 08:00:00,2025/02/03 18:00:00,1
Grd_1178_10001,Crew_10815,XGOB,2025/02/04 08:00:00,2025/02/04 18:00:00,1
Grd_1178_10002,Crew_10815,XGOB,2025/02/07 08:00:00,2025/02/07 18:00:00,1
Grd_2203_10000,Crew_10822,UQLN,2025/02/05 08:00:00,2025/02/05 18:00:00,1
Grd_10038_10000,Crew_10825,XGOB,2025/02/08 08:00:00,2025/02/08 18:00:00,1
Grd_1188_10000,Crew_10828,XGOB,2025/02/03 08:00:00,2025/02/03 18:00:00,1
Grd_1188_10001,Crew_10828,XGOB,2025/02/04 08:00:00,2025/02/04 18:00:00,1
Grd_1188_10002,Crew_10828,XGOB,2025/02/06 00:00:00,2025/02/06 23:59:00,0
Grd_1188_10003,Crew_10828,XGOB,2025/02/07 08:00:00,2025/02/07 18:00:00,1
Grd_1661_10000,Crew_10831,XGOB,2025/02/04 00:00:00,2025/02/04 23:59:00,0
Grd_1746_10000,Crew_10833,XGOB,2025/02/05 00:00:00,2025/02/05 23:59:00,0
Grd_1746_10001,Crew_10833,XGOB,2025/02/07 08:00:00,2025/02/07 18:00:00,1
Grd_1746_10002,Crew_10833,XGOB,2025/02/08 08:00:00,2025/02/08 18:00:00,1
Grd_1744_10000,Crew_10834,GRIG,2025/02/02 00:00:00,2025/02/02 23:59:00,0
Grd_3123_10000,Crew_10836,XGOB,2025/02/04 08:00:00,2025/02/04 18:00:00,1
Grd_3123_10001,Crew_10836,XGOB,2025/02/05 08:00:00,2025/02/05 18:00:00,1
Grd_1209_10000,Crew_10837,XGOB,2025/02/08 08:00:00,2025/02/08 18:00:00,1
Grd_2526_10000,Crew_10841,UQLN,2025/02/08 08:00:00,2025/02/08 18:00:00,1
Grd_1751_10000,Crew_10842,UQLN,2025/02/04 08:00:00,2025/02/04 18:00:00,1
Grd_1751_10001,Crew_10842,UQLN,2025/02/05 08:00:00,2025/02/05 18:00:00,1
Grd_1858_10000,Crew_10843,XGOB,2025/02/02 00:00:00,2025/02/02 23:59:00,0
Grd_1858_10001,Crew_10843,XGOB,2025/02/03 00:00:00,2025/02/03 23:59:00,0
Grd_1858_10002,Crew_10843,XGOB,2025/02/07 08:00:00,2025/02/07 18:00:00,1
Grd_1858_10003,Crew_10843,XGOB,2025/02/08 08:00:00,2025/02/08 18:00:00,1
Grd_1804_10000,Crew_10844,UQLN,2025/02/03 08:00:00,2025/02/03 18:00:00,1
Grd_1779_10000,Crew_10846,XGOB,2025/02/02 08:00:00,2025/02/02 18:00:00,1
Grd_1657_10000,Crew_10848,XGOB,2025/02/07 00:00:00,2025/02/07 23:59:00,0
Grd_52_10000,Crew_10853,XGOB,2025/02/02 08:00:00,2025/02/02 18:00:00,1
Grd_52_10001,Crew_10853,XGOB,2025/02/03 08:00:00,2025/02/03 18:00:00,1
Grd_52_10002,Crew_10853,XGOB,2025/02/04 08:00:00,2025/02/04 18:00:00,1
Grd_52_10003,Crew_10853,XGOB,2025/02/05 08:00:00,2025/02/05 18:00:00,1
Grd_52_10004,Crew_10853,XGOB,2025/02/06 08:00:00,2025/02/06 18:00:00,1
Grd_52_10005,Crew_10853,XGOB,2025/02/07 08:00:00,2025/02/07 18:00:00,1
Grd_52_10006,Crew_10853,XGOB,2025/02/08 08:00:00,2025/02/08 18:00:00,1
Grd_1732_10000,Crew_10857,UQLN,2025/02/07 08:00:00,2025/02/07 18:00:00,1
Grd_1176_10000,Crew_10862,XGOB,2025/02/02 00:00:00,2025/02/02 23:59:00,0
Grd_1176_10001,Crew_10862,XGOB,2025/02/03 00:00:00,2025/02/03 23:59:00,0
Grd_1176_10002,Crew_10862,XGOB,2025/02/04 00:00:00,2025/02/04 23:59:00,0
Grd_1176_10003,Crew_10862,XGOB,2025/02/05 08:00:00,2025/02/05 18:00:00,1
Grd_1176_10004,Crew_10862,XGOB,2025/02/06 08:00:00,2025/02/06 18:00:00,1
Grd_1176_10005,Crew_10862,XGOB,2025/02/07 08:00:00,2025/02/07 18:00:00,1
Grd_1176_10006,Crew_10862,XGOB,2025/02/08 08:00:00,2025/02/08 18:00:00,1
Grd_1734_10000,Crew_10863,XGOB,2025/02/05 00:00:00,2025/02/05 23:59:00,0
Grd_1819_10000,Crew_10864,XGOB,2025/02/04 00:00:00,2025/02/04 23:59:00,0
Grd_1819_10001,Crew_10864,XGOB,2025/02/05 00:00:00,2025/02/05 23:59:00,0
Grd_1752_10000,Crew_10868,XGOB,2025/02/07 08:00:00,2025/02/07 18:00:00,1
Grd_62_10000,Crew_10875,UQLN,2025/02/02 00:00:00,2025/02/02 23:59:00,0
Grd_62_10001,Crew_10875,UQLN,2025/02/03 00:00:00,2025/02/03 23:59:00,0
Grd_62_10002,Crew_10875,UQLN,2025/02/04 00:00:00,2025/02/04 23:59:00,0
Grd_62_10003,Crew_10875,UQLN,2025/02/05 08:00:00,2025/02/05 18:00:00,1
Grd_62_10004,Crew_10875,UQLN,2025/02/06 00:00:00,2025/02/06 23:59:00,0
Grd_62_10005,Crew_10875,UQLN,2025/02/07 00:00:00,2025/02/07 23:59:00,0
Grd_62_10006,Crew_10875,UQLN,2025/02/08 00:00:00,2025/02/08 23:59:00,0
Grd_116_10000,Crew_10877,XGOB,2025/02/02 08:00:00,2025/02/02 18:00:00,1
Grd_116_10001,Crew_10877,XGOB,2025/02/03 08:00:00,2025/02/03 18:00:00,1
Grd_116_10002,Crew_10877,XGOB,2025/02/04 08:00:00,2025/02/04 18:00:00,1
Grd_116_10003,Crew_10877,XGOB,2025/02/05 08:00:00,2025/02/05 18:00:00,1
Grd_116_10004,Crew_10877,XGOB,2025/02/06 08:00:00,2025/02/06 18:00:00,1
Grd_116_10005,Crew_10877,XGOB,2025/02/07 08:00:00,2025/02/07 18:00:00,1
Grd_116_10006,Crew_10877,XGOB,2025/02/08 08:00:00,2025/02/08 18:00:00,1
